{
  "_fv": 33,
  "_type": "overlay",
  "definition": {
    "priority": "NORMAL",
    "components": [
      {
        "type": "label",
        "data": {
          "text": "<VAR:ability_0>",
          "color": {
            "value": -205,
            "falpha": 0.0
          },
          "name": "<VAR:ability_0>",
          "x": 348,
          "y": 107
        }
      },
      {
        "type": "label",
        "data": {
          "text": "<VAR:ability_1>",
          "color": {
            "value": -205,
            "falpha": 0.0
          },
          "name": "<VAR:ability_1>",
          "x": 294,
          "y": 107
        }
      },
      {
        "type": "label",
        "data": {
          "text": "<VAR:ability_2>",
          "color": {
            "value": -205,
            "falpha": 0.0
          },
          "name": "<VAR:ability_2>",
          "x": 240,
          "y": 107
        }
      },
      {
        "type": "label",
        "data": {
          "text": "<VAR:ability_3>",
          "color": {
            "value": -205,
            "falpha": 0.0
          },
          "name": "<VAR:ability_3>",
          "x": 186,
          "y": 107
        }
      },
      {
        "type": "label",
        "data": {
          "text": "<VAR:ability_4>",
          "color": {
            "value": -205,
            "falpha": 0.0
          },
          "name": "<VAR:ability_4>",
          "x": 132,
          "y": 107
        }
      },
      {
        "type": "label",
        "data": {
          "text": "<VAR:ability_5>",
          "color": {
            "value": -205,
            "falpha": 0.0
          },
          "name": "<VAR:ability_5>",
          "x": 78,
          "y": 107
        }
      },
      {
        "type": "label",
        "data": {
          "text": "<VAR:ability_6>",
          "color": {
            "value": -205,
            "falpha": 0.0
          },
          "name": "<VAR:ability_6>",
          "x": 24,
          "y": 107
        }
      }
    ],
    "baseTexture": "",
    "overlayTarget": "Ingame",
    "gridSettings": {
      "sx": 18,
      "sy": 18,
      "ox": 11,
      "oy": 15,
      "snapOnGrid": true
    }
  }
}