{
  "_fv": 33,
  "_type": "gui",
  "definition": {
    "type": 0,
    "width": 183,
    "height": 204,
    "inventoryOffsetX": 0,
    "inventoryOffsetY": 0,
    "renderBgLayer": true,
    "doesPauseGame": false,
    "components": [
      {
        "type": "button",
        "data": {
          "text": "<",
          "onClick": {
            "name": "Chooselifejian1"
          },
          "width": 30,
          "height": 20,
          "name": "<",
          "x": 130,
          "y": 26
        }
      },
      {
        "type": "button",
        "data": {
          "text": ">",
          "onClick": {
            "name": "Chooselifejia1"
          },
          "width": 30,
          "height": 20,
          "name": ">",
          "x": 267,
          "y": 26
        }
      },
      {
        "type": "label",
        "data": {
          "text": "<VAR:choose_life>",
          "color": {
            "value": -12829636,
            "falpha": 0.0
          },
          "name": "<VAR:choose_life>",
          "x": 201,
          "y": 31
        }
      },
      {
        "type": "button",
        "data": {
          "text": "确定",
          "onClick": {
            "name": "Chooselifetrue"
          },
          "width": 35,
          "height": 20,
          "name": "确定",
          "x": 195,
          "y": 197
        }
      }
    ],
    "gridSettings": {
      "sx": 18,
      "sy": 18,
      "ox": 11,
      "oy": 15,
      "snapOnGrid": true
    }
  }
}