{
  "_fv": 33,
  "_type": "recipe",
  "definition": {
    "recipeType": "Crafting",
    "xpReward": 0.0,
    "cookingTime": 200,
    "recipeRetstackSize": 2,
    "group": "",
    "recipeShapeless": false,
    "recipeSlots": [
      {
        "value": "CUSTOM:DaolianggrassItems"
      },
      {
        "value": "CUSTOM:DaolianggrassItems"
      },
      {
        "value": ""
      },
      {
        "value": "CUSTOM:DaolianggrassItems"
      },
      {
        "value": "CUSTOM:DaolianggrassItems"
      },
      {
        "value": ""
      },
      {
        "value": ""
      },
      {
        "value": ""
      },
      {
        "value": ""
      }
    ],
    "recipeReturnStack": {
      "value": "CUSTOM:Daoliangrice"
    },
    "name": "daoliangricerep",
    "namespace": "mod"
  }
}