{
  "_fv": 33,
  "_type": "plant",
  "definition": {
    "renderType": 120,
    "texture": "daoliang_grass_top",
    "textureBottom": "daoliang_grass_button",
    "customModelName": "Cross model",
    "itemTexture": "",
    "particleTexture": "",
    "tintType": "Grass",
    "isItemTinted": true,
    "plantType": "double",
    "staticPlantGenerationType": "Flower",
    "suspiciousStewEffect": "SPEED",
    "suspiciousStewDuration": 100,
    "growapableSpawnType": "Plains",
    "growapableMaxHeight": 3,
    "doublePlantGenerationType": "Grass",
    "customBoundingBox": false,
    "disableOffset": false,
    "boundingBoxes": [
      {
        "mx": 0.0,
        "my": 0.0,
        "mz": 0.0,
        "Mx": 16.0,
        "My": 16.0,
        "Mz": 16.0,
        "subtract": false
      }
    ],
    "name": "Daolianggrass",
    "specialInfo": [],
    "creativeTab": {
      "value": "CUSTOM:Technologytab"
    },
    "hardness": 0.0,
    "resistance": 0.0,
    "luminance": 0,
    "unbreakable": false,
    "isSolid": false,
    "isCustomSoundType": false,
    "soundOnStep": {
      "value": "PLANT"
    },
    "breakSound": {
      "value": ""
    },
    "stepSound": {
      "value": ""
    },
    "placeSound": {
      "value": ""
    },
    "hitSound": {
      "value": ""
    },
    "fallSound": {
      "value": ""
    },
    "useLootTableForDrops": false,
    "customDrop": {
      "value": "CUSTOM:DaolianggrassItems"
    },
    "dropAmount": 3,
    "forceTicking": false,
    "emissiveRendering": false,
    "hasTileEntity": false,
    "isReplaceable": false,
    "colorOnMap": "DEFAULT",
    "creativePickItem": {
      "value": ""
    },
    "offsetType": "XZ",
    "aiPathNodeType": "OPEN",
    "flammability": 100,
    "fireSpreadSpeed": 60,
    "jumpFactor": 1.0,
    "speedFactor": 1.0,
    "canBePlacedOn": [],
    "frequencyOnChunks": 3,
    "spawnWorldTypes": [
      "Surface"
    ],
    "restrictionBiomes": [
      {
        "value": "CUSTOM:Primitiveplain"
      }
    ],
    "patchSize": 64,
    "generateAtAnyHeight": false
  }
}