{
  "_fv": 33,
  "_type": "tool",
  "definition": {
    "renderType": 0,
    "texture": "gravel_pick",
    "customModelName": "Normal",
    "name": "Gravelpick",
    "specialInfo": [],
    "creativeTab": {
      "value": "CUSTOM:Technologytab"
    },
    "toolType": "Pickaxe",
    "harvestLevel": 10,
    "efficiency": 0.64,
    "attackSpeed": 0.8,
    "enchantability": 10,
    "damageVsEntity": 2.0,
    "usageCount": 98,
    "blocksAffected": [],
    "hasGlow": false,
    "repairItems": [
      {
        "value": "CUSTOM:Granitecrushedstone"
      }
    ],
    "immuneToFire": false,
    "stayInGridWhenCrafting": false,
    "damageOnCrafting": false
  }
}