{
  "_fv": 33,
  "_type": "tool",
  "definition": {
    "renderType": 0,
    "texture": "gravel_axe",
    "customModelName": "Normal",
    "name": "Gravelaxe",
    "specialInfo": [],
    "creativeTab": {
      "value": "CUSTOM:Technologytab"
    },
    "toolType": "Axe",
    "harvestLevel": 10,
    "efficiency": 0.64,
    "attackSpeed": 0.8,
    "enchantability": 10,
    "damageVsEntity": 8.0,
    "usageCount": 95,
    "blocksAffected": [],
    "hasGlow": false,
    "repairItems": [
      {
        "value": "CUSTOM:Crushedstone"
      }
    ],
    "immuneToFire": false,
    "stayInGridWhenCrafting": false,
    "damageOnCrafting": false
  }
}