{
  "_fv": 33,
  "_type": "overlay",
  "definition": {
    "priority": "NORMAL",
    "components": [
      {
        "type": "image",
        "data": {
          "image": "arrow2.png",
          "use1Xscale": false,
          "name": "arrow2.png",
          "x": 49,
          "y": 17
        }
      },
      {
        "type": "label",
        "data": {
          "text": "Label text",
          "color": {
            "value": -12829636,
            "falpha": 0.0
          },
          "name": "Label text",
          "x": 42,
          "y": 30
        }
      }
    ],
    "baseTexture": "",
    "overlayTarget": "Ingame",
    "gridSettings": {
      "sx": 18,
      "sy": 18,
      "ox": 11,
      "oy": 15,
      "snapOnGrid": false
    }
  }
}