{
  "_fv": 33,
  "_type": "gui",
  "definition": {
    "type": 1,
    "width": 176,
    "height": 166,
    "inventoryOffsetX": 0,
    "inventoryOffsetY": 0,
    "renderBgLayer": true,
    "doesPauseGame": false,
    "components": [
      {
        "type": "inputslot",
        "data": {
          "inputLimit": {
            "value": ""
          },
          "id": 0,
          "disableStackInteraction": false,
          "dropItemsWhenNotBound": true,
          "name": "Slot #0",
          "x": 141,
          "y": 53
        }
      },
      {
        "type": "inputslot",
        "data": {
          "inputLimit": {
            "value": ""
          },
          "id": 1,
          "disableStackInteraction": false,
          "dropItemsWhenNotBound": true,
          "name": "Slot #1",
          "x": 159,
          "y": 53
        }
      },
      {
        "type": "inputslot",
        "data": {
          "inputLimit": {
            "value": ""
          },
          "id": 2,
          "disableStackInteraction": false,
          "dropItemsWhenNotBound": true,
          "name": "Slot #2",
          "x": 177,
          "y": 53
        }
      },
      {
        "type": "inputslot",
        "data": {
          "inputLimit": {
            "value": ""
          },
          "id": 3,
          "disableStackInteraction": false,
          "dropItemsWhenNotBound": true,
          "name": "Slot #3",
          "x": 195,
          "y": 53
        }
      },
      {
        "type": "inputslot",
        "data": {
          "inputLimit": {
            "value": ""
          },
          "id": 4,
          "disableStackInteraction": false,
          "dropItemsWhenNotBound": true,
          "name": "Slot #4",
          "x": 213,
          "y": 53
        }
      },
      {
        "type": "inputslot",
        "data": {
          "inputLimit": {
            "value": ""
          },
          "id": 5,
          "disableStackInteraction": false,
          "dropItemsWhenNotBound": true,
          "name": "Slot #5",
          "x": 231,
          "y": 53
        }
      },
      {
        "type": "inputslot",
        "data": {
          "inputLimit": {
            "value": ""
          },
          "id": 6,
          "disableStackInteraction": false,
          "dropItemsWhenNotBound": true,
          "name": "Slot #6",
          "x": 249,
          "y": 53
        }
      },
      {
        "type": "inputslot",
        "data": {
          "inputLimit": {
            "value": ""
          },
          "id": 7,
          "disableStackInteraction": false,
          "dropItemsWhenNotBound": true,
          "name": "Slot #7",
          "x": 267,
          "y": 53
        }
      },
      {
        "type": "inputslot",
        "data": {
          "inputLimit": {
            "value": ""
          },
          "id": 8,
          "disableStackInteraction": false,
          "dropItemsWhenNotBound": true,
          "name": "Slot #8",
          "x": 141,
          "y": 71
        }
      },
      {
        "type": "inputslot",
        "data": {
          "inputLimit": {
            "value": ""
          },
          "id": 9,
          "disableStackInteraction": false,
          "dropItemsWhenNotBound": true,
          "name": "Slot #9",
          "x": 159,
          "y": 71
        }
      },
      {
        "type": "inputslot",
        "data": {
          "inputLimit": {
            "value": ""
          },
          "id": 10,
          "disableStackInteraction": false,
          "dropItemsWhenNotBound": true,
          "name": "Slot #10",
          "x": 177,
          "y": 71
        }
      },
      {
        "type": "inputslot",
        "data": {
          "inputLimit": {
            "value": ""
          },
          "id": 11,
          "disableStackInteraction": false,
          "dropItemsWhenNotBound": true,
          "name": "Slot #11",
          "x": 195,
          "y": 71
        }
      },
      {
        "type": "inputslot",
        "data": {
          "inputLimit": {
            "value": ""
          },
          "id": 12,
          "disableStackInteraction": false,
          "dropItemsWhenNotBound": true,
          "name": "Slot #12",
          "x": 213,
          "y": 71
        }
      },
      {
        "type": "inputslot",
        "data": {
          "inputLimit": {
            "value": ""
          },
          "id": 13,
          "disableStackInteraction": false,
          "dropItemsWhenNotBound": true,
          "name": "Slot #13",
          "x": 231,
          "y": 71
        }
      },
      {
        "type": "inputslot",
        "data": {
          "inputLimit": {
            "value": ""
          },
          "id": 14,
          "disableStackInteraction": false,
          "dropItemsWhenNotBound": true,
          "name": "Slot #14",
          "x": 249,
          "y": 71
        }
      },
      {
        "type": "inputslot",
        "data": {
          "inputLimit": {
            "value": ""
          },
          "id": 15,
          "disableStackInteraction": false,
          "dropItemsWhenNotBound": true,
          "name": "Slot #15",
          "x": 267,
          "y": 71
        }
      },
      {
        "type": "inputslot",
        "data": {
          "inputLimit": {
            "value": ""
          },
          "id": 16,
          "disableStackInteraction": false,
          "dropItemsWhenNotBound": true,
          "name": "Slot #16",
          "x": 141,
          "y": 89
        }
      },
      {
        "type": "inputslot",
        "data": {
          "inputLimit": {
            "value": ""
          },
          "id": 17,
          "disableStackInteraction": false,
          "dropItemsWhenNotBound": true,
          "name": "Slot #17",
          "x": 159,
          "y": 89
        }
      },
      {
        "type": "inputslot",
        "data": {
          "inputLimit": {
            "value": ""
          },
          "id": 18,
          "disableStackInteraction": false,
          "dropItemsWhenNotBound": true,
          "name": "Slot #18",
          "x": 177,
          "y": 89
        }
      },
      {
        "type": "inputslot",
        "data": {
          "inputLimit": {
            "value": ""
          },
          "id": 19,
          "disableStackInteraction": false,
          "dropItemsWhenNotBound": true,
          "name": "Slot #19",
          "x": 195,
          "y": 89
        }
      },
      {
        "type": "inputslot",
        "data": {
          "inputLimit": {
            "value": ""
          },
          "id": 20,
          "disableStackInteraction": false,
          "dropItemsWhenNotBound": true,
          "name": "Slot #20",
          "x": 213,
          "y": 89
        }
      },
      {
        "type": "inputslot",
        "data": {
          "inputLimit": {
            "value": ""
          },
          "id": 21,
          "disableStackInteraction": false,
          "dropItemsWhenNotBound": true,
          "name": "Slot #21",
          "x": 231,
          "y": 89
        }
      },
      {
        "type": "inputslot",
        "data": {
          "inputLimit": {
            "value": ""
          },
          "id": 22,
          "disableStackInteraction": false,
          "dropItemsWhenNotBound": true,
          "name": "Slot #22",
          "x": 249,
          "y": 89
        }
      },
      {
        "type": "inputslot",
        "data": {
          "inputLimit": {
            "value": ""
          },
          "id": 23,
          "disableStackInteraction": false,
          "dropItemsWhenNotBound": true,
          "name": "Slot #23",
          "x": 267,
          "y": 89
        }
      },
      {
        "type": "image",
        "data": {
          "image": "lattice_0.png",
          "use1Xscale": false,
          "name": "lattice_0.png",
          "x": 141,
          "y": 53
        }
      },
      {
        "type": "image",
        "data": {
          "image": "lattice_0.png",
          "use1Xscale": false,
          "name": "lattice_0.png",
          "x": 159,
          "y": 53
        }
      },
      {
        "type": "image",
        "data": {
          "image": "lattice_0.png",
          "use1Xscale": false,
          "name": "lattice_0.png",
          "x": 177,
          "y": 53
        }
      },
      {
        "type": "image",
        "data": {
          "image": "lattice_0.png",
          "use1Xscale": false,
          "name": "lattice_0.png",
          "x": 195,
          "y": 53
        }
      },
      {
        "type": "image",
        "data": {
          "image": "lattice_0.png",
          "use1Xscale": false,
          "name": "lattice_0.png",
          "x": 141,
          "y": 71
        }
      },
      {
        "type": "image",
        "data": {
          "image": "lattice_0.png",
          "use1Xscale": false,
          "name": "lattice_0.png",
          "x": 141,
          "y": 89
        }
      },
      {
        "type": "image",
        "data": {
          "image": "lattice_0.png",
          "use1Xscale": false,
          "name": "lattice_0.png",
          "x": 159,
          "y": 89
        }
      },
      {
        "type": "image",
        "data": {
          "image": "lattice_0.png",
          "use1Xscale": false,
          "name": "lattice_0.png",
          "x": 159,
          "y": 71
        }
      },
      {
        "type": "image",
        "data": {
          "image": "lattice_0.png",
          "use1Xscale": false,
          "name": "lattice_0.png",
          "x": 177,
          "y": 71
        }
      },
      {
        "type": "image",
        "data": {
          "image": "lattice_0.png",
          "use1Xscale": false,
          "name": "lattice_0.png",
          "x": 177,
          "y": 89
        }
      },
      {
        "type": "image",
        "data": {
          "image": "lattice_0.png",
          "use1Xscale": false,
          "name": "lattice_0.png",
          "x": 195,
          "y": 71
        }
      },
      {
        "type": "image",
        "data": {
          "image": "lattice_0.png",
          "use1Xscale": false,
          "name": "lattice_0.png",
          "x": 195,
          "y": 89
        }
      },
      {
        "type": "image",
        "data": {
          "image": "lattice_0.png",
          "use1Xscale": false,
          "name": "lattice_0.png",
          "x": 213,
          "y": 53
        }
      },
      {
        "type": "image",
        "data": {
          "image": "lattice_0.png",
          "use1Xscale": false,
          "name": "lattice_0.png",
          "x": 231,
          "y": 53
        }
      },
      {
        "type": "image",
        "data": {
          "image": "lattice_0.png",
          "use1Xscale": false,
          "name": "lattice_0.png",
          "x": 249,
          "y": 53
        }
      },
      {
        "type": "image",
        "data": {
          "image": "lattice_0.png",
          "use1Xscale": false,
          "name": "lattice_0.png",
          "x": 267,
          "y": 53
        }
      },
      {
        "type": "image",
        "data": {
          "image": "lattice_0.png",
          "use1Xscale": false,
          "name": "lattice_0.png",
          "x": 231,
          "y": 71
        }
      },
      {
        "type": "image",
        "data": {
          "image": "lattice_0.png",
          "use1Xscale": false,
          "name": "lattice_0.png",
          "x": 213,
          "y": 89
        }
      },
      {
        "type": "image",
        "data": {
          "image": "lattice_0.png",
          "use1Xscale": false,
          "name": "lattice_0.png",
          "x": 213,
          "y": 71
        }
      },
      {
        "type": "image",
        "data": {
          "image": "lattice_0.png",
          "use1Xscale": false,
          "name": "lattice_0.png",
          "x": 231,
          "y": 89
        }
      },
      {
        "type": "image",
        "data": {
          "image": "lattice_0.png",
          "use1Xscale": false,
          "name": "lattice_0.png",
          "x": 267,
          "y": 89
        }
      },
      {
        "type": "image",
        "data": {
          "image": "lattice_0.png",
          "use1Xscale": false,
          "name": "lattice_0.png",
          "x": 249,
          "y": 71
        }
      },
      {
        "type": "image",
        "data": {
          "image": "lattice_0.png",
          "use1Xscale": false,
          "name": "lattice_0.png",
          "x": 267,
          "y": 71
        }
      },
      {
        "type": "image",
        "data": {
          "image": "lattice_0.png",
          "use1Xscale": false,
          "name": "lattice_0.png",
          "x": 249,
          "y": 89
        }
      },
      {
        "type": "image",
        "data": {
          "image": "lattice_0.png",
          "use1Xscale": false,
          "name": "lattice_0.png",
          "x": 132,
          "y": 120
        }
      },
      {
        "type": "image",
        "data": {
          "image": "lattice_0.png",
          "use1Xscale": false,
          "name": "lattice_0.png",
          "x": 168,
          "y": 120
        }
      },
      {
        "type": "image",
        "data": {
          "image": "lattice_0.png",
          "use1Xscale": false,
          "name": "lattice_0.png",
          "x": 150,
          "y": 120
        }
      },
      {
        "type": "image",
        "data": {
          "image": "lattice_0.png",
          "use1Xscale": false,
          "name": "lattice_0.png",
          "x": 186,
          "y": 120
        }
      },
      {
        "type": "image",
        "data": {
          "image": "lattice_0.png",
          "use1Xscale": false,
          "name": "lattice_0.png",
          "x": 132,
          "y": 138
        }
      },
      {
        "type": "image",
        "data": {
          "image": "lattice_0.png",
          "use1Xscale": false,
          "name": "lattice_0.png",
          "x": 132,
          "y": 156
        }
      },
      {
        "type": "image",
        "data": {
          "image": "lattice_0.png",
          "use1Xscale": false,
          "name": "lattice_0.png",
          "x": 150,
          "y": 156
        }
      },
      {
        "type": "image",
        "data": {
          "image": "lattice_0.png",
          "use1Xscale": false,
          "name": "lattice_0.png",
          "x": 150,
          "y": 138
        }
      },
      {
        "type": "image",
        "data": {
          "image": "lattice_0.png",
          "use1Xscale": false,
          "name": "lattice_0.png",
          "x": 168,
          "y": 138
        }
      },
      {
        "type": "image",
        "data": {
          "image": "lattice_0.png",
          "use1Xscale": false,
          "name": "lattice_0.png",
          "x": 168,
          "y": 156
        }
      },
      {
        "type": "image",
        "data": {
          "image": "lattice_0.png",
          "use1Xscale": false,
          "name": "lattice_0.png",
          "x": 186,
          "y": 138
        }
      },
      {
        "type": "image",
        "data": {
          "image": "lattice_0.png",
          "use1Xscale": false,
          "name": "lattice_0.png",
          "x": 186,
          "y": 156
        }
      },
      {
        "type": "image",
        "data": {
          "image": "lattice_0.png",
          "use1Xscale": false,
          "name": "lattice_0.png",
          "x": 204,
          "y": 120
        }
      },
      {
        "type": "image",
        "data": {
          "image": "lattice_0.png",
          "use1Xscale": false,
          "name": "lattice_0.png",
          "x": 240,
          "y": 138
        }
      },
      {
        "type": "image",
        "data": {
          "image": "lattice_0.png",
          "use1Xscale": false,
          "name": "lattice_0.png",
          "x": 204,
          "y": 156
        }
      },
      {
        "type": "image",
        "data": {
          "image": "lattice_0.png",
          "use1Xscale": false,
          "name": "lattice_0.png",
          "x": 258,
          "y": 120
        }
      },
      {
        "type": "image",
        "data": {
          "image": "lattice_0.png",
          "use1Xscale": false,
          "name": "lattice_0.png",
          "x": 240,
          "y": 120
        }
      },
      {
        "type": "image",
        "data": {
          "image": "lattice_0.png",
          "use1Xscale": false,
          "name": "lattice_0.png",
          "x": 222,
          "y": 138
        }
      },
      {
        "type": "image",
        "data": {
          "image": "lattice_0.png",
          "use1Xscale": false,
          "name": "lattice_0.png",
          "x": 204,
          "y": 138
        }
      },
      {
        "type": "image",
        "data": {
          "image": "lattice_0.png",
          "use1Xscale": false,
          "name": "lattice_0.png",
          "x": 222,
          "y": 120
        }
      },
      {
        "type": "image",
        "data": {
          "image": "lattice_0.png",
          "use1Xscale": false,
          "name": "lattice_0.png",
          "x": 276,
          "y": 156
        }
      },
      {
        "type": "image",
        "data": {
          "image": "lattice_0.png",
          "use1Xscale": false,
          "name": "lattice_0.png",
          "x": 258,
          "y": 156
        }
      },
      {
        "type": "image",
        "data": {
          "image": "lattice_0.png",
          "use1Xscale": false,
          "name": "lattice_0.png",
          "x": 240,
          "y": 156
        }
      },
      {
        "type": "image",
        "data": {
          "image": "lattice_0.png",
          "use1Xscale": false,
          "name": "lattice_0.png",
          "x": 222,
          "y": 156
        }
      },
      {
        "type": "image",
        "data": {
          "image": "lattice_0.png",
          "use1Xscale": false,
          "name": "lattice_0.png",
          "x": 276,
          "y": 138
        }
      },
      {
        "type": "image",
        "data": {
          "image": "lattice_0.png",
          "use1Xscale": false,
          "name": "lattice_0.png",
          "x": 276,
          "y": 120
        }
      },
      {
        "type": "image",
        "data": {
          "image": "lattice_0.png",
          "use1Xscale": false,
          "name": "lattice_0.png",
          "x": 258,
          "y": 138
        }
      },
      {
        "type": "image",
        "data": {
          "image": "lattice_0.png",
          "use1Xscale": false,
          "name": "lattice_0.png",
          "x": 132,
          "y": 178
        }
      },
      {
        "type": "image",
        "data": {
          "image": "lattice_0.png",
          "use1Xscale": false,
          "name": "lattice_0.png",
          "x": 150,
          "y": 178
        }
      },
      {
        "type": "image",
        "data": {
          "image": "lattice_0.png",
          "use1Xscale": false,
          "name": "lattice_0.png",
          "x": 168,
          "y": 178
        }
      },
      {
        "type": "image",
        "data": {
          "image": "lattice_0.png",
          "use1Xscale": false,
          "name": "lattice_0.png",
          "x": 186,
          "y": 178
        }
      },
      {
        "type": "image",
        "data": {
          "image": "lattice_0.png",
          "use1Xscale": false,
          "name": "lattice_0.png",
          "x": 204,
          "y": 178
        }
      },
      {
        "type": "image",
        "data": {
          "image": "lattice_0.png",
          "use1Xscale": false,
          "name": "lattice_0.png",
          "x": 240,
          "y": 178
        }
      },
      {
        "type": "image",
        "data": {
          "image": "lattice_0.png",
          "use1Xscale": false,
          "name": "lattice_0.png",
          "x": 276,
          "y": 178
        }
      },
      {
        "type": "image",
        "data": {
          "image": "lattice_0.png",
          "use1Xscale": false,
          "name": "lattice_0.png",
          "x": 222,
          "y": 178
        }
      },
      {
        "type": "image",
        "data": {
          "image": "lattice_0.png",
          "use1Xscale": false,
          "name": "lattice_0.png",
          "x": 258,
          "y": 178
        }
      }
    ],
    "gridSettings": {
      "sx": 18,
      "sy": 18,
      "ox": 11,
      "oy": 15,
      "snapOnGrid": false
    }
  }
}