{
  "_fv": 33,
  "_type": "function",
  "definition": {
    "code": "# Enter the function code here\nparticle minecraft:end_rod ~0.5 ~0.5 ~0.5 0 0 0 0 1 normal\n\nparticle minecraft:end_rod ~0.3 ~0.5 ~0.5 0 0 0 0 1 normal\n\nparticle minecraft:end_rod ~0.1 ~0.5 ~0.5 0 0 0 0 1 normal\n\nparticle minecraft:end_rod ~-0.1 ~0.5 ~0.5 0 0 0 0 1 normal\n\nparticle minecraft:end_rod ~-0.3 ~0.5 ~0.5 0 0 0 0 1 normal\n\nparticle minecraft:end_rod ~-0.5 ~0.5 ~0.5 0 0 0 0 1 normal\n\n\n\nparticle minecraft:end_rod ~0.5 ~0.5 ~0.5 0 0 0 0 1 normal\n\nparticle minecraft:end_rod ~0.5 ~0.5 ~0.3 0 0 0 0 1 normal\n\nparticle minecraft:end_rod ~0.5 ~0.5 ~0.1 0 0 0 0 1 normal\n\nparticle minecraft:end_rod ~0.5 ~0.5 ~-0.1 0 0 0 0 1 normal\n\nparticle minecraft:end_rod ~0.5 ~0.5 ~-0.3 0 0 0 0 1 normal\n\nparticle minecraft:end_rod ~0.5 ~0.5 ~-0.5 0 0 0 0 1 normal\n\n\n\n\nparticle minecraft:end_rod ~0.5 ~0.5 ~-0.5 0 0 0 0 1 normal\n\nparticle minecraft:end_rod ~0.3 ~0.5 ~-0.5 0 0 0 0 1 normal\n\nparticle minecraft:end_rod ~0.1 ~0.5 ~-0.5 0 0 0 0 1 normal\n\nparticle minecraft:end_rod ~-0.1 ~0.5 ~-0.5 0 0 0 0 1 normal\n\nparticle minecraft:end_rod ~-0.3 ~0.5 ~-0.5 0 0 0 0 1 normal\n\nparticle minecraft:end_rod ~-0.5 ~0.5 ~-0.5 0 0 0 0 1 normal\n\n\n\n\nparticle minecraft:end_rod ~-0.5 ~0.5 ~-0.5 0 0 0 0 1 normal\n\nparticle minecraft:end_rod ~-0.5 ~0.5 ~-0.3 0 0 0 0 1 normal\n\nparticle minecraft:end_rod ~-0.5 ~0.5 ~-0.1 0 0 0 0 1 normal\n\nparticle minecraft:end_rod ~-0.5 ~0.5 ~0.1 0 0 0 0 1 normal\n\nparticle minecraft:end_rod ~-0.5 ~0.5 ~0.3 0 0 0 0 1 normal\n\nparticle minecraft:end_rod ~-0.5 ~0.5 ~0.5 0 0 0 0 1 normal\n\n\n\n\nparticle minecraft:end_rod ~0.5 ~0.5 ~0.5 0 0 0 0 1 normal\nparticle minecraft:end_rod ~0.5 ~0.7 ~0.5 0 0 0 0 1 normal\nparticle minecraft:end_rod ~0.5 ~0.9 ~0.5 0 0 0 0 1 normal\nparticle minecraft:end_rod ~0.5 ~1.1 ~0.5 0 0 0 0 1 normal\nparticle minecraft:end_rod ~0.5 ~1.3 ~0.5 0 0 0 0 1 normal\nparticle minecraft:end_rod ~0.5 ~1.5 ~0.5 0 0 0 0 1 normal\n\n\n\n\nparticle minecraft:end_rod ~-0.5 ~0.5 ~0.5 0 0 0 0 1 normal\nparticle minecraft:end_rod ~-0.5 ~0.7 ~0.5 0 0 0 0 1 normal\nparticle minecraft:end_rod ~-0.5 ~0.9 ~0.5 0 0 0 0 1 normal\nparticle minecraft:end_rod ~-0.5 ~1.1 ~0.5 0 0 0 0 1 normal\nparticle minecraft:end_rod ~-0.5 ~1.3 ~0.5 0 0 0 0 1 normal\nparticle minecraft:end_rod ~-0.5 ~1.5 ~0.5 0 0 0 0 1 normal\n\n\n\nparticle minecraft:end_rod ~0.5 ~0.5 ~-0.5 0 0 0 0 1 normal\nparticle minecraft:end_rod ~0.5 ~0.7 ~-0.5 0 0 0 0 1 normal\nparticle minecraft:end_rod ~0.5 ~0.9 ~-0.5 0 0 0 0 1 normal\nparticle minecraft:end_rod ~0.5 ~1.1 ~-0.5 0 0 0 0 1 normal\nparticle minecraft:end_rod ~0.5 ~1.3 ~-0.5 0 0 0 0 1 normal\nparticle minecraft:end_rod ~0.5 ~1.5 ~-0.5 0 0 0 0 1 normal\n\n\n\n\n\nparticle minecraft:end_rod ~-0.5 ~0.5 ~-0.5 0 0 0 0 1 normal\nparticle minecraft:end_rod ~-0.5 ~0.7 ~-0.5 0 0 0 0 1 normal\nparticle minecraft:end_rod ~-0.5 ~0.9 ~-0.5 0 0 0 0 1 normal\nparticle minecraft:end_rod ~-0.5 ~1.1 ~-0.5 0 0 0 0 1 normal\nparticle minecraft:end_rod ~-0.5 ~1.3 ~-0.5 0 0 0 0 1 normal\nparticle minecraft:end_rod ~-0.5 ~1.5 ~-0.5 0 0 0 0 1 normal\n\n\n\n\n\n\n\nparticle minecraft:end_rod ~0.5 ~1.5 ~0.5 0 0 0 0 1 normal\nparticle minecraft:end_rod ~0.3 ~1.5 ~0.5 0 0 0 0 1 normal\nparticle minecraft:end_rod ~0.1 ~1.5 ~0.5 0 0 0 0 1 normal\nparticle minecraft:end_rod ~-0.1 ~1.5 ~0.5 0 0 0 0 1 normal\nparticle minecraft:end_rod ~-0.3 ~1.5 ~0.5 0 0 0 0 1 normal\nparticle minecraft:end_rod ~-0.5 ~1.5 ~0.5 0 0 0 0 1 normal\n\nparticle minecraft:end_rod ~0.5 ~1.5 ~0.5 0 0 0 0 1 normal\nparticle minecraft:end_rod ~0.5 ~1.5 ~0.3 0 0 0 0 1 normal\nparticle minecraft:end_rod ~0.5 ~1.5 ~0.1 0 0 0 0 1 normal\nparticle minecraft:end_rod ~0.5 ~1.5 ~-0.1 0 0 0 0 1 normal\nparticle minecraft:end_rod ~0.5 ~1.5 ~-0.3 0 0 0 0 1 normal\nparticle minecraft:end_rod ~0.5 ~1.5 ~-0.5 0 0 0 0 1 normal\n\nparticle minecraft:end_rod ~0.5 ~1.5 ~-0.5 0 0 0 0 1 normal\nparticle minecraft:end_rod ~0.3 ~1.5 ~-0.5 0 0 0 0 1 normal\nparticle minecraft:end_rod ~0.1 ~1.5 ~-0.5 0 0 0 0 1 normal\nparticle minecraft:end_rod ~-0.1 ~1.5 ~-0.5 0 0 0 0 1 normal\nparticle minecraft:end_rod ~-0.3 ~1.5 ~-0.5 0 0 0 0 1 normal\nparticle minecraft:end_rod ~-0.5 ~1.5 ~-0.5 0 0 0 0 1 normal\n\nparticle minecraft:end_rod ~-0.5 ~1.5 ~-0.5 0 0 0 0 1 normal\nparticle minecraft:end_rod ~-0.5 ~1.5 ~-0.3 0 0 0 0 1 normal\nparticle minecraft:end_rod ~-0.5 ~1.5 ~-0.1 0 0 0 0 1 normal\nparticle minecraft:end_rod ~-0.5 ~1.5 ~0.1 0 0 0 0 1 normal\nparticle minecraft:end_rod ~-0.5 ~1.5 ~0.3 0 0 0 0 1 normal\nparticle minecraft:end_rod ~-0.5 ~1.5 ~0.5 0 0 0 0 1 normal\n\n\n",
    "name": "primitiveworksblocksboom",
    "namespace": "mod"
  }
}