{
  "_fv": 33,
  "_type": "gui",
  "definition": {
    "type": 1,
    "width": 226,
    "height": 194,
    "inventoryOffsetX": 0,
    "inventoryOffsetY": 15,
    "renderBgLayer": true,
    "doesPauseGame": false,
    "components": [
      {
        "type": "image",
        "data": {
          "image": "knife_stone.png",
          "use1Xscale": true,
          "name": "knife_stone.png",
          "x": 221,
          "y": 37
        }
      },
      {
        "type": "image",
        "data": {
          "image": "lattice_0.png",
          "use1Xscale": false,
          "name": "lattice_0.png",
          "x": 105,
          "y": 42
        }
      },
      {
        "type": "image",
        "data": {
          "image": "water_01.png",
          "use1Xscale": false,
          "displayCondition": {
            "name": "Waterprogressbar1"
          },
          "name": "water_01.png",
          "x": 132,
          "y": 44
        }
      },
      {
        "type": "image",
        "data": {
          "image": "water_02.png",
          "use1Xscale": false,
          "displayCondition": {
            "name": "Waterprogressbar2"
          },
          "name": "water_02.png",
          "x": 132,
          "y": 44
        }
      },
      {
        "type": "image",
        "data": {
          "image": "water_03.png",
          "use1Xscale": false,
          "displayCondition": {
            "name": "Waterprogressbar3"
          },
          "name": "water_03.png",
          "x": 132,
          "y": 44
        }
      },
      {
        "type": "image",
        "data": {
          "image": "water_04.png",
          "use1Xscale": false,
          "displayCondition": {
            "name": "Waterprogressbar4"
          },
          "name": "water_04.png",
          "x": 132,
          "y": 44
        }
      },
      {
        "type": "image",
        "data": {
          "image": "water_05.png",
          "use1Xscale": false,
          "displayCondition": {
            "name": "Waterprogressbar5"
          },
          "name": "water_05.png",
          "x": 132,
          "y": 44
        }
      },
      {
        "type": "image",
        "data": {
          "image": "water_06.png",
          "use1Xscale": false,
          "displayCondition": {
            "name": "Waterprogressbar6"
          },
          "name": "water_06.png",
          "x": 132,
          "y": 44
        }
      },
      {
        "type": "image",
        "data": {
          "image": "water_07.png",
          "use1Xscale": false,
          "displayCondition": {
            "name": "Waterprogressbar7"
          },
          "name": "water_07.png",
          "x": 132,
          "y": 44
        }
      },
      {
        "type": "image",
        "data": {
          "image": "water_08.png",
          "use1Xscale": false,
          "displayCondition": {
            "name": "Waterprogressbar8"
          },
          "name": "water_08.png",
          "x": 132,
          "y": 44
        }
      },
      {
        "type": "image",
        "data": {
          "image": "water_09.png",
          "use1Xscale": false,
          "displayCondition": {
            "name": "Waterprogressbar9"
          },
          "name": "water_09.png",
          "x": 132,
          "y": 44
        }
      },
      {
        "type": "image",
        "data": {
          "image": "water_10.png",
          "use1Xscale": false,
          "displayCondition": {
            "name": "Waterprogressbar10"
          },
          "name": "water_10.png",
          "x": 132,
          "y": 44
        }
      },
      {
        "type": "image",
        "data": {
          "image": "water_11.png",
          "use1Xscale": false,
          "displayCondition": {
            "name": "Waterprogressbar11"
          },
          "name": "water_11.png",
          "x": 132,
          "y": 44
        }
      },
      {
        "type": "image",
        "data": {
          "image": "water_12.png",
          "use1Xscale": false,
          "displayCondition": {
            "name": "Waterprogressbar12"
          },
          "name": "water_12.png",
          "x": 132,
          "y": 44
        }
      },
      {
        "type": "image",
        "data": {
          "image": "water_13.png",
          "use1Xscale": false,
          "displayCondition": {
            "name": "Waterprogressbar13"
          },
          "name": "water_13.png",
          "x": 132,
          "y": 44
        }
      },
      {
        "type": "image",
        "data": {
          "image": "water_14.png",
          "use1Xscale": false,
          "displayCondition": {
            "name": "Waterprogressbar14"
          },
          "name": "water_14.png",
          "x": 132,
          "y": 44
        }
      },
      {
        "type": "image",
        "data": {
          "image": "water_15.png",
          "use1Xscale": false,
          "displayCondition": {
            "name": "Waterprogressbar15"
          },
          "name": "water_15.png",
          "x": 132,
          "y": 44
        }
      },
      {
        "type": "image",
        "data": {
          "image": "water_16.png",
          "use1Xscale": false,
          "displayCondition": {
            "name": "Waterprogressbar16"
          },
          "name": "water_16.png",
          "x": 132,
          "y": 44
        }
      },
      {
        "type": "image",
        "data": {
          "image": "water_17.png",
          "use1Xscale": false,
          "displayCondition": {
            "name": "Waterprogressbar17"
          },
          "name": "water_17.png",
          "x": 132,
          "y": 44
        }
      },
      {
        "type": "image",
        "data": {
          "image": "water_18.png",
          "use1Xscale": false,
          "displayCondition": {
            "name": "Waterprogressbar18"
          },
          "name": "water_18.png",
          "x": 132,
          "y": 44
        }
      },
      {
        "type": "image",
        "data": {
          "image": "water_19.png",
          "use1Xscale": false,
          "displayCondition": {
            "name": "Waterprogressbar19"
          },
          "name": "water_19.png",
          "x": 132,
          "y": 44
        }
      },
      {
        "type": "image",
        "data": {
          "image": "water_20.png",
          "use1Xscale": false,
          "displayCondition": {
            "name": "Waterprogressbar20"
          },
          "name": "water_20.png",
          "x": 132,
          "y": 44
        }
      },
      {
        "type": "image",
        "data": {
          "image": "water_21.png",
          "use1Xscale": false,
          "displayCondition": {
            "name": "Waterprogressbar21"
          },
          "name": "water_21.png",
          "x": 132,
          "y": 44
        }
      },
      {
        "type": "image",
        "data": {
          "image": "water_22.png",
          "use1Xscale": false,
          "displayCondition": {
            "name": "Waterprogressbar22"
          },
          "name": "water_22.png",
          "x": 132,
          "y": 44
        }
      },
      {
        "type": "image",
        "data": {
          "image": "water_23.png",
          "use1Xscale": false,
          "displayCondition": {
            "name": "Waterprogressbar23"
          },
          "name": "water_23.png",
          "x": 132,
          "y": 44
        }
      },
      {
        "type": "image",
        "data": {
          "image": "water_24.png",
          "use1Xscale": false,
          "displayCondition": {
            "name": "Waterprogressbar24"
          },
          "name": "water_24.png",
          "x": 132,
          "y": 44
        }
      },
      {
        "type": "image",
        "data": {
          "image": "water_25.png",
          "use1Xscale": false,
          "displayCondition": {
            "name": "Waterprogressbar25"
          },
          "name": "water_25.png",
          "x": 132,
          "y": 44
        }
      },
      {
        "type": "image",
        "data": {
          "image": "water_26.png",
          "use1Xscale": false,
          "displayCondition": {
            "name": "Waterprogressbar26"
          },
          "name": "water_26.png",
          "x": 132,
          "y": 44
        }
      },
      {
        "type": "image",
        "data": {
          "image": "water_27.png",
          "use1Xscale": false,
          "displayCondition": {
            "name": "Waterprogressbar27"
          },
          "name": "water_27.png",
          "x": 132,
          "y": 44
        }
      },
      {
        "type": "image",
        "data": {
          "image": "water_28.png",
          "use1Xscale": false,
          "displayCondition": {
            "name": "Waterprogressbar28"
          },
          "name": "water_28.png",
          "x": 132,
          "y": 44
        }
      },
      {
        "type": "image",
        "data": {
          "image": "water_29.png",
          "use1Xscale": false,
          "displayCondition": {
            "name": "Waterprogressbar29"
          },
          "name": "water_29.png",
          "x": 132,
          "y": 44
        }
      },
      {
        "type": "image",
        "data": {
          "image": "water_30.png",
          "use1Xscale": false,
          "displayCondition": {
            "name": "Waterprogressbar30"
          },
          "name": "water_30.png",
          "x": 132,
          "y": 44
        }
      },
      {
        "type": "image",
        "data": {
          "image": "water_31.png",
          "use1Xscale": false,
          "displayCondition": {
            "name": "Waterprogressbar31"
          },
          "name": "water_31.png",
          "x": 132,
          "y": 44
        }
      },
      {
        "type": "image",
        "data": {
          "image": "water_32.png",
          "use1Xscale": false,
          "displayCondition": {
            "name": "Waterprogressbar32"
          },
          "name": "water_32.png",
          "x": 132,
          "y": 44
        }
      },
      {
        "type": "image",
        "data": {
          "image": "water_33.png",
          "use1Xscale": false,
          "displayCondition": {
            "name": "Waterprogressbar33"
          },
          "name": "water_33.png",
          "x": 132,
          "y": 44
        }
      },
      {
        "type": "image",
        "data": {
          "image": "water_34.png",
          "use1Xscale": false,
          "displayCondition": {
            "name": "Waterprogressbar34"
          },
          "name": "water_34.png",
          "x": 132,
          "y": 44
        }
      },
      {
        "type": "image",
        "data": {
          "image": "water_35.png",
          "use1Xscale": false,
          "displayCondition": {
            "name": "Waterprogressbar35"
          },
          "name": "water_35.png",
          "x": 132,
          "y": 44
        }
      },
      {
        "type": "image",
        "data": {
          "image": "water_36.png",
          "use1Xscale": false,
          "displayCondition": {
            "name": "Waterprogressbar36"
          },
          "name": "water_36.png",
          "x": 132,
          "y": 44
        }
      },
      {
        "type": "image",
        "data": {
          "image": "water_37.png",
          "use1Xscale": false,
          "displayCondition": {
            "name": "Waterprogressbar37"
          },
          "name": "water_37.png",
          "x": 132,
          "y": 44
        }
      },
      {
        "type": "image",
        "data": {
          "image": "water_38.png",
          "use1Xscale": false,
          "displayCondition": {
            "name": "Waterprogressbar38"
          },
          "name": "water_38.png",
          "x": 132,
          "y": 44
        }
      },
      {
        "type": "image",
        "data": {
          "image": "water_39.png",
          "use1Xscale": false,
          "displayCondition": {
            "name": "Waterprogressbar39"
          },
          "name": "water_39.png",
          "x": 132,
          "y": 44
        }
      },
      {
        "type": "image",
        "data": {
          "image": "water_40.png",
          "use1Xscale": false,
          "displayCondition": {
            "name": "Waterprogressbar40"
          },
          "name": "water_40.png",
          "x": 132,
          "y": 44
        }
      },
      {
        "type": "image",
        "data": {
          "image": "water_storage_frame.png",
          "use1Xscale": false,
          "name": "water_storage_frame.png",
          "x": 130,
          "y": 42
        }
      },
      {
        "type": "image",
        "data": {
          "image": "water_drop_00.png",
          "use1Xscale": false,
          "name": "water_drop_00.png",
          "x": 105,
          "y": 71
        }
      },
      {
        "type": "image",
        "data": {
          "image": "water_drop_01.png",
          "use1Xscale": false,
          "displayCondition": {
            "name": "Waterdropprogressbar1"
          },
          "name": "water_drop_01.png",
          "x": 105,
          "y": 71
        }
      },
      {
        "type": "image",
        "data": {
          "image": "water_drop_02.png",
          "use1Xscale": false,
          "displayCondition": {
            "name": "Waterdropprogressbar2"
          },
          "name": "water_drop_02.png",
          "x": 105,
          "y": 71
        }
      },
      {
        "type": "image",
        "data": {
          "image": "water_drop_03.png",
          "use1Xscale": false,
          "displayCondition": {
            "name": "Waterdropprogressbar3"
          },
          "name": "water_drop_03.png",
          "x": 105,
          "y": 71
        }
      },
      {
        "type": "image",
        "data": {
          "image": "water_drop_04.png",
          "use1Xscale": false,
          "displayCondition": {
            "name": "Waterdropprogressbar4"
          },
          "name": "water_drop_04.png",
          "x": 105,
          "y": 71
        }
      },
      {
        "type": "image",
        "data": {
          "image": "water_drop_05.png",
          "use1Xscale": false,
          "displayCondition": {
            "name": "Waterdropprogressbar5"
          },
          "name": "water_drop_05.png",
          "x": 105,
          "y": 71
        }
      },
      {
        "type": "image",
        "data": {
          "image": "water_drop_06.png",
          "use1Xscale": false,
          "displayCondition": {
            "name": "Waterdropprogressbar6"
          },
          "name": "water_drop_06.png",
          "x": 105,
          "y": 71
        }
      },
      {
        "type": "image",
        "data": {
          "image": "water_drop_07.png",
          "use1Xscale": false,
          "displayCondition": {
            "name": "Waterdropprogressbar7"
          },
          "name": "water_drop_07.png",
          "x": 105,
          "y": 71
        }
      },
      {
        "type": "image",
        "data": {
          "image": "water_drop_08.png",
          "use1Xscale": false,
          "displayCondition": {
            "name": "Waterdropprogressbar8"
          },
          "name": "water_drop_08.png",
          "x": 105,
          "y": 71
        }
      },
      {
        "type": "image",
        "data": {
          "image": "water_drop_09.png",
          "use1Xscale": false,
          "displayCondition": {
            "name": "Waterdropprogressbar9"
          },
          "name": "water_drop_09.png",
          "x": 105,
          "y": 71
        }
      },
      {
        "type": "image",
        "data": {
          "image": "water_drop_10.png",
          "use1Xscale": false,
          "displayCondition": {
            "name": "Waterdropprogressbar10"
          },
          "name": "water_drop_10.png",
          "x": 105,
          "y": 71
        }
      },
      {
        "type": "image",
        "data": {
          "image": "water_drop_11.png",
          "use1Xscale": false,
          "displayCondition": {
            "name": "Waterdropprogressbar11"
          },
          "name": "water_drop_11.png",
          "x": 105,
          "y": 71
        }
      },
      {
        "type": "image",
        "data": {
          "image": "water_drop_12.png",
          "use1Xscale": false,
          "displayCondition": {
            "name": "Waterdropprogressbar12"
          },
          "name": "water_drop_12.png",
          "x": 105,
          "y": 71
        }
      },
      {
        "type": "image",
        "data": {
          "image": "water_drop_13.png",
          "use1Xscale": false,
          "displayCondition": {
            "name": "Waterdropprogressbar13"
          },
          "name": "water_drop_13.png",
          "x": 105,
          "y": 71
        }
      },
      {
        "type": "image",
        "data": {
          "image": "water_drop_14.png",
          "use1Xscale": false,
          "displayCondition": {
            "name": "Waterdropprogressbar14"
          },
          "name": "water_drop_14.png",
          "x": 105,
          "y": 71
        }
      },
      {
        "type": "image",
        "data": {
          "image": "water_drop_15.png",
          "use1Xscale": false,
          "displayCondition": {
            "name": "Waterdropprogressbar15"
          },
          "name": "water_drop_15.png",
          "x": 105,
          "y": 71
        }
      },
      {
        "type": "image",
        "data": {
          "image": "water_drop_16.png",
          "use1Xscale": false,
          "displayCondition": {
            "name": "Waterdropprogressbar16"
          },
          "name": "water_drop_16.png",
          "x": 105,
          "y": 71
        }
      },
      {
        "type": "image",
        "data": {
          "image": "bucket_frame.png",
          "use1Xscale": false,
          "name": "bucket_frame.png",
          "x": 105,
          "y": 42
        }
      },
      {
        "type": "inputslot",
        "data": {
          "inputLimit": {
            "value": "Items.WATER_BUCKET"
          },
          "id": 0,
          "disableStackInteraction": false,
          "dropItemsWhenNotBound": true,
          "name": "Slot #0",
          "x": 105,
          "y": 42
        }
      },
      {
        "type": "outputslot",
        "data": {
          "id": 1,
          "disableStackInteraction": false,
          "dropItemsWhenNotBound": true,
          "name": "Slot #1",
          "x": 105,
          "y": 110
        }
      },
      {
        "type": "inputslot",
        "data": {
          "inputLimit": {
            "value": ""
          },
          "id": 2,
          "disableStackInteraction": false,
          "dropItemsWhenNotBound": true,
          "name": "Slot #2",
          "x": 157,
          "y": 57
        }
      },
      {
        "type": "inputslot",
        "data": {
          "inputLimit": {
            "value": ""
          },
          "id": 3,
          "disableStackInteraction": false,
          "dropItemsWhenNotBound": true,
          "name": "Slot #3",
          "x": 175,
          "y": 57
        }
      },
      {
        "type": "inputslot",
        "data": {
          "inputLimit": {
            "value": ""
          },
          "id": 4,
          "disableStackInteraction": false,
          "dropItemsWhenNotBound": true,
          "name": "Slot #4",
          "x": 193,
          "y": 57
        }
      },
      {
        "type": "inputslot",
        "data": {
          "inputLimit": {
            "value": ""
          },
          "id": 5,
          "disableStackInteraction": false,
          "dropItemsWhenNotBound": true,
          "name": "Slot #5",
          "x": 157,
          "y": 75
        }
      },
      {
        "type": "inputslot",
        "data": {
          "inputLimit": {
            "value": ""
          },
          "id": 6,
          "disableStackInteraction": false,
          "dropItemsWhenNotBound": true,
          "name": "Slot #6",
          "x": 175,
          "y": 75
        }
      },
      {
        "type": "inputslot",
        "data": {
          "inputLimit": {
            "value": ""
          },
          "id": 7,
          "disableStackInteraction": false,
          "dropItemsWhenNotBound": true,
          "name": "Slot #7",
          "x": 193,
          "y": 75
        }
      },
      {
        "type": "inputslot",
        "data": {
          "inputLimit": {
            "value": ""
          },
          "id": 8,
          "disableStackInteraction": false,
          "dropItemsWhenNotBound": true,
          "name": "Slot #8",
          "x": 157,
          "y": 93
        }
      },
      {
        "type": "inputslot",
        "data": {
          "inputLimit": {
            "value": ""
          },
          "id": 9,
          "disableStackInteraction": false,
          "dropItemsWhenNotBound": true,
          "name": "Slot #9",
          "x": 175,
          "y": 93
        }
      },
      {
        "type": "inputslot",
        "data": {
          "inputLimit": {
            "value": ""
          },
          "id": 10,
          "disableStackInteraction": false,
          "dropItemsWhenNotBound": true,
          "name": "Slot #10",
          "x": 193,
          "y": 93
        }
      },
      {
        "type": "outputslot",
        "data": {
          "id": 11,
          "disableStackInteraction": false,
          "dropItemsWhenNotBound": true,
          "name": "Slot #11",
          "x": 276,
          "y": 75
        }
      },
      {
        "type": "image",
        "data": {
          "image": "arrow_0.png",
          "use1Xscale": false,
          "name": "arrow_0.png",
          "x": 223,
          "y": 74
        }
      },
      {
        "type": "image",
        "data": {
          "image": "arrow_1.png",
          "use1Xscale": false,
          "displayCondition": {
            "name": "Arrowprogressbar1"
          },
          "name": "arrow_1.png",
          "x": 223,
          "y": 74
        }
      },
      {
        "type": "image",
        "data": {
          "image": "arrow_2.png",
          "use1Xscale": false,
          "displayCondition": {
            "name": "Arrowprogressbar2"
          },
          "name": "arrow_2.png",
          "x": 223,
          "y": 74
        }
      },
      {
        "type": "image",
        "data": {
          "image": "arrow_3.png",
          "use1Xscale": false,
          "displayCondition": {
            "name": "Arrowprogressbar3"
          },
          "name": "arrow_3.png",
          "x": 223,
          "y": 74
        }
      },
      {
        "type": "image",
        "data": {
          "image": "arrow_4.png",
          "use1Xscale": false,
          "displayCondition": {
            "name": "Arrowprogressbar4"
          },
          "name": "arrow_4.png",
          "x": 223,
          "y": 74
        }
      },
      {
        "type": "image",
        "data": {
          "image": "arrow_5.png",
          "use1Xscale": false,
          "displayCondition": {
            "name": "Arrowprogressbar5"
          },
          "name": "arrow_5.png",
          "x": 223,
          "y": 74
        }
      },
      {
        "type": "image",
        "data": {
          "image": "arrow_6.png",
          "use1Xscale": false,
          "displayCondition": {
            "name": "Arrowprogressbar6"
          },
          "name": "arrow_6.png",
          "x": 223,
          "y": 74
        }
      },
      {
        "type": "image",
        "data": {
          "image": "arrow_7.png",
          "use1Xscale": false,
          "displayCondition": {
            "name": "Arrowprogressbar7"
          },
          "name": "arrow_7.png",
          "x": 223,
          "y": 74
        }
      },
      {
        "type": "image",
        "data": {
          "image": "arrow_8.png",
          "use1Xscale": false,
          "displayCondition": {
            "name": "Arrowprogressbar8"
          },
          "name": "arrow_8.png",
          "x": 223,
          "y": 74
        }
      },
      {
        "type": "image",
        "data": {
          "image": "arrow_9.png",
          "use1Xscale": false,
          "displayCondition": {
            "name": "Arrowprogressbar9"
          },
          "name": "arrow_9.png",
          "x": 223,
          "y": 74
        }
      },
      {
        "type": "image",
        "data": {
          "image": "arrow_10.png",
          "use1Xscale": false,
          "displayCondition": {
            "name": "Arrowprogressbar10"
          },
          "name": "arrow_10.png",
          "x": 223,
          "y": 74
        }
      },
      {
        "type": "image",
        "data": {
          "image": "arrow_11.png",
          "use1Xscale": false,
          "displayCondition": {
            "name": "Arrowprogressbar11"
          },
          "name": "arrow_11.png",
          "x": 223,
          "y": 74
        }
      },
      {
        "type": "image",
        "data": {
          "image": "arrow_12.png",
          "use1Xscale": false,
          "displayCondition": {
            "name": "Arrowprogressbar12"
          },
          "name": "arrow_12.png",
          "x": 223,
          "y": 74
        }
      },
      {
        "type": "image",
        "data": {
          "image": "arrow_13.png",
          "use1Xscale": false,
          "displayCondition": {
            "name": "Arrowprogressbar13"
          },
          "name": "arrow_13.png",
          "x": 223,
          "y": 74
        }
      },
      {
        "type": "image",
        "data": {
          "image": "arrow_14.png",
          "use1Xscale": false,
          "displayCondition": {
            "name": "Arrowprogressbar14"
          },
          "name": "arrow_14.png",
          "x": 223,
          "y": 74
        }
      },
      {
        "type": "image",
        "data": {
          "image": "lattice_0.png",
          "use1Xscale": false,
          "name": "lattice_0.png",
          "x": 276,
          "y": 117
        }
      },
      {
        "type": "image",
        "data": {
          "image": "arrow_15.png",
          "use1Xscale": false,
          "displayCondition": {
            "name": "Arrowprogressbar15"
          },
          "name": "arrow_15.png",
          "x": 223,
          "y": 74
        }
      },
      {
        "type": "image",
        "data": {
          "image": "arrow_16.png",
          "use1Xscale": false,
          "displayCondition": {
            "name": "Arrowprogressbar16"
          },
          "name": "arrow_16.png",
          "x": 223,
          "y": 74
        }
      },
      {
        "type": "image",
        "data": {
          "image": "lattice_0.png",
          "use1Xscale": false,
          "name": "lattice_0.png",
          "x": 258,
          "y": 117
        }
      },
      {
        "type": "outputslot",
        "data": {
          "id": 12,
          "disableStackInteraction": false,
          "dropItemsWhenNotBound": true,
          "name": "Slot #12",
          "x": 240,
          "y": 117
        }
      },
      {
        "type": "outputslot",
        "data": {
          "id": 13,
          "disableStackInteraction": false,
          "dropItemsWhenNotBound": true,
          "name": "Slot #13",
          "x": 258,
          "y": 117
        }
      },
      {
        "type": "image",
        "data": {
          "image": "lattice_0.png",
          "use1Xscale": false,
          "name": "lattice_0.png",
          "x": 240,
          "y": 117
        }
      },
      {
        "type": "outputslot",
        "data": {
          "id": 14,
          "disableStackInteraction": false,
          "dropItemsWhenNotBound": true,
          "name": "Slot #14",
          "x": 276,
          "y": 117
        }
      },
      {
        "type": "image",
        "data": {
          "image": "a_pinch_of_slag.png",
          "use1Xscale": false,
          "name": "a_pinch_of_slag.png",
          "x": 241,
          "y": 118
        }
      },
      {
        "type": "image",
        "data": {
          "image": "powder.png",
          "use1Xscale": false,
          "name": "powder.png",
          "x": 259,
          "y": 118
        }
      },
      {
        "type": "image",
        "data": {
          "image": "stone_slag.png",
          "use1Xscale": false,
          "name": "stone_slag.png",
          "x": 276,
          "y": 117
        }
      },
      {
        "type": "label",
        "data": {
          "text": "<BNBT:number:tick>",
          "color": {
            "value": -12829636,
            "falpha": 0.0
          },
          "name": "<BNBT:number:tick>",
          "x": 264,
          "y": 52
        }
      },
      {
        "type": "label",
        "data": {
          "text": "<BNBT:number:tick_max>",
          "color": {
            "value": -12829636,
            "falpha": 0.0
          },
          "name": "<BNBT:number:tick_max>",
          "x": 263,
          "y": 63
        }
      },
      {
        "type": "label",
        "data": {
          "text": "<BNBT:number:Water_progress_bar>",
          "color": {
            "value": -12829636,
            "falpha": 0.0
          },
          "name": "<BNBT:number:Water_progress_bar>",
          "x": 121,
          "y": 28
        }
      },
      {
        "type": "label",
        "data": {
          "text": "<BNBT:number:true>",
          "color": {
            "value": -12829636,
            "falpha": 0.0
          },
          "name": "<BNBT:number:true>",
          "x": 300,
          "y": 98
        }
      },
      {
        "type": "label",
        "data": {
          "text": "<BNBT:number:item_true>",
          "color": {
            "value": -12829636,
            "falpha": 0.0
          },
          "name": "<BNBT:number:item_true>",
          "x": 171,
          "y": 112
        }
      },
      {
        "type": "label",
        "data": {
          "text": "<BNBT:number:slot_2_id>",
          "color": {
            "value": -256,
            "falpha": 0.0
          },
          "name": "<BNBT:number:slot_2_id>",
          "x": 6,
          "y": 26
        }
      },
      {
        "type": "label",
        "data": {
          "text": "<BNBT:number:slot_3_id>",
          "color": {
            "value": -256,
            "falpha": 0.0
          },
          "name": "<BNBT:number:slot_3_id>",
          "x": 24,
          "y": 26
        }
      },
      {
        "type": "label",
        "data": {
          "text": "<BNBT:number:slot_4_id>",
          "color": {
            "value": -256,
            "falpha": 0.0
          },
          "name": "<BNBT:number:slot_4_id>",
          "x": 42,
          "y": 26
        }
      },
      {
        "type": "label",
        "data": {
          "text": "<BNBT:number:slot_5_id>",
          "color": {
            "value": -256,
            "falpha": 0.0
          },
          "name": "<BNBT:number:slot_5_id>",
          "x": 6,
          "y": 44
        }
      },
      {
        "type": "label",
        "data": {
          "text": "<BNBT:number:slot_6_id>",
          "color": {
            "value": -256,
            "falpha": 0.0
          },
          "name": "<BNBT:number:slot_6_id>",
          "x": 24,
          "y": 44
        }
      },
      {
        "type": "label",
        "data": {
          "text": "<BNBT:number:slot_7_id>",
          "color": {
            "value": -256,
            "falpha": 0.0
          },
          "name": "<BNBT:number:slot_7_id>",
          "x": 42,
          "y": 44
        }
      },
      {
        "type": "label",
        "data": {
          "text": "<BNBT:number:slot_8_id>",
          "color": {
            "value": -256,
            "falpha": 0.0
          },
          "name": "<BNBT:number:slot_8_id>",
          "x": 6,
          "y": 62
        }
      },
      {
        "type": "label",
        "data": {
          "text": "<BNBT:number:slot_9_id>",
          "color": {
            "value": -256,
            "falpha": 0.0
          },
          "name": "<BNBT:number:slot_9_id>",
          "x": 24,
          "y": 62
        }
      },
      {
        "type": "label",
        "data": {
          "text": "<BNBT:number:slot_10_id>",
          "color": {
            "value": -256,
            "falpha": 0.0
          },
          "name": "<BNBT:number:slot_10_id>",
          "x": 42,
          "y": 62
        }
      },
      {
        "type": "label",
        "data": {
          "text": "<BNBT:number:slot_2_level>",
          "color": {
            "value": -256,
            "falpha": 0.0
          },
          "name": "<BNBT:number:slot_2_level>",
          "x": 6,
          "y": 116
        }
      },
      {
        "type": "label",
        "data": {
          "text": "<BNBT:number:slot_3_level>",
          "color": {
            "value": -256,
            "falpha": 0.0
          },
          "name": "<BNBT:number:slot_3_level>",
          "x": 24,
          "y": 116
        }
      },
      {
        "type": "label",
        "data": {
          "text": "<BNBT:number:slot_4_level>",
          "color": {
            "value": -256,
            "falpha": 0.0
          },
          "name": "<BNBT:number:slot_4_level>",
          "x": 42,
          "y": 116
        }
      },
      {
        "type": "label",
        "data": {
          "text": "<BNBT:number:slot_5_level>",
          "color": {
            "value": -256,
            "falpha": 0.0
          },
          "name": "<BNBT:number:slot_5_level>",
          "x": 6,
          "y": 134
        }
      },
      {
        "type": "label",
        "data": {
          "text": "<BNBT:number:slot_6_level>",
          "color": {
            "value": -256,
            "falpha": 0.0
          },
          "name": "<BNBT:number:slot_6_level>",
          "x": 24,
          "y": 134
        }
      },
      {
        "type": "label",
        "data": {
          "text": "<BNBT:number:slot_7_level>",
          "color": {
            "value": -256,
            "falpha": 0.0
          },
          "name": "<BNBT:number:slot_7_level>",
          "x": 42,
          "y": 134
        }
      },
      {
        "type": "label",
        "data": {
          "text": "<BNBT:number:slot_8_level>",
          "color": {
            "value": -256,
            "falpha": 0.0
          },
          "name": "<BNBT:number:slot_8_level>",
          "x": 6,
          "y": 152
        }
      },
      {
        "type": "label",
        "data": {
          "text": "<BNBT:number:slot_9_level>",
          "color": {
            "value": -256,
            "falpha": 0.0
          },
          "name": "<BNBT:number:slot_9_level>",
          "x": 24,
          "y": 152
        }
      },
      {
        "type": "label",
        "data": {
          "text": "<BNBT:number:slot_10_level>",
          "color": {
            "value": -256,
            "falpha": 0.0
          },
          "name": "<BNBT:number:slot_10_level>",
          "x": 42,
          "y": 152
        }
      },
      {
        "type": "label",
        "data": {
          "text": "<BNBT:number:time%>",
          "color": {
            "value": -12829636,
            "falpha": 0.0
          },
          "name": "<BNBT:number:time%>",
          "x": 171,
          "y": 40
        }
      },
      {
        "type": "button",
        "data": {
          "text": "确定",
          "onClick": {
            "name": "Dfghhgfdsadfghjj"
          },
          "width": 35,
          "height": 20,
          "name": "确定",
          "x": 263,
          "y": 95
        }
      },
      {
        "type": "image",
        "data": {
          "image": "lattice_0.png",
          "use1Xscale": false,
          "name": "lattice_0.png",
          "x": 193,
          "y": 93
        }
      },
      {
        "type": "image",
        "data": {
          "image": "lattice_0.png",
          "use1Xscale": false,
          "name": "lattice_0.png",
          "x": 105,
          "y": 110
        }
      },
      {
        "type": "image",
        "data": {
          "image": "lattice_0.png",
          "use1Xscale": false,
          "name": "lattice_0.png",
          "x": 193,
          "y": 75
        }
      },
      {
        "type": "image",
        "data": {
          "image": "lattice_0.png",
          "use1Xscale": false,
          "name": "lattice_0.png",
          "x": 175,
          "y": 93
        }
      },
      {
        "type": "image",
        "data": {
          "image": "lattice_0.png",
          "use1Xscale": false,
          "name": "lattice_0.png",
          "x": 157,
          "y": 93
        }
      },
      {
        "type": "image",
        "data": {
          "image": "lattice_0.png",
          "use1Xscale": false,
          "name": "lattice_0.png",
          "x": 157,
          "y": 57
        }
      },
      {
        "type": "image",
        "data": {
          "image": "lattice_0.png",
          "use1Xscale": false,
          "name": "lattice_0.png",
          "x": 175,
          "y": 75
        }
      },
      {
        "type": "image",
        "data": {
          "image": "lattice_0.png",
          "use1Xscale": false,
          "name": "lattice_0.png",
          "x": 175,
          "y": 57
        }
      },
      {
        "type": "image",
        "data": {
          "image": "lattice_0.png",
          "use1Xscale": false,
          "name": "lattice_0.png",
          "x": 157,
          "y": 75
        }
      },
      {
        "type": "image",
        "data": {
          "image": "lattice_0.png",
          "use1Xscale": false,
          "name": "lattice_0.png",
          "x": 193,
          "y": 57
        }
      },
      {
        "type": "image",
        "data": {
          "image": "lattice_0.png",
          "use1Xscale": false,
          "name": "lattice_0.png",
          "x": 276,
          "y": 75
        }
      },
      {
        "type": "image",
        "data": {
          "image": "lattice_0.png",
          "use1Xscale": false,
          "name": "lattice_0.png",
          "x": 276,
          "y": 135
        }
      },
      {
        "type": "image",
        "data": {
          "image": "lattice_0.png",
          "use1Xscale": false,
          "name": "lattice_0.png",
          "x": 258,
          "y": 135
        }
      },
      {
        "type": "image",
        "data": {
          "image": "lattice_0.png",
          "use1Xscale": false,
          "name": "lattice_0.png",
          "x": 240,
          "y": 135
        }
      },
      {
        "type": "image",
        "data": {
          "image": "lattice_0.png",
          "use1Xscale": false,
          "name": "lattice_0.png",
          "x": 222,
          "y": 135
        }
      },
      {
        "type": "image",
        "data": {
          "image": "lattice_0.png",
          "use1Xscale": false,
          "name": "lattice_0.png",
          "x": 132,
          "y": 135
        }
      },
      {
        "type": "image",
        "data": {
          "image": "lattice_0.png",
          "use1Xscale": false,
          "name": "lattice_0.png",
          "x": 150,
          "y": 135
        }
      },
      {
        "type": "image",
        "data": {
          "image": "lattice_0.png",
          "use1Xscale": false,
          "name": "lattice_0.png",
          "x": 168,
          "y": 135
        }
      },
      {
        "type": "image",
        "data": {
          "image": "lattice_0.png",
          "use1Xscale": false,
          "name": "lattice_0.png",
          "x": 186,
          "y": 135
        }
      },
      {
        "type": "image",
        "data": {
          "image": "lattice_0.png",
          "use1Xscale": false,
          "name": "lattice_0.png",
          "x": 204,
          "y": 135
        }
      },
      {
        "type": "image",
        "data": {
          "image": "lattice_0.png",
          "use1Xscale": false,
          "name": "lattice_0.png",
          "x": 132,
          "y": 153
        }
      },
      {
        "type": "image",
        "data": {
          "image": "lattice_0.png",
          "use1Xscale": false,
          "name": "lattice_0.png",
          "x": 150,
          "y": 153
        }
      },
      {
        "type": "image",
        "data": {
          "image": "lattice_0.png",
          "use1Xscale": false,
          "name": "lattice_0.png",
          "x": 168,
          "y": 153
        }
      },
      {
        "type": "image",
        "data": {
          "image": "lattice_0.png",
          "use1Xscale": false,
          "name": "lattice_0.png",
          "x": 186,
          "y": 153
        }
      },
      {
        "type": "image",
        "data": {
          "image": "lattice_0.png",
          "use1Xscale": false,
          "name": "lattice_0.png",
          "x": 204,
          "y": 153
        }
      },
      {
        "type": "image",
        "data": {
          "image": "lattice_0.png",
          "use1Xscale": false,
          "name": "lattice_0.png",
          "x": 132,
          "y": 171
        }
      },
      {
        "type": "image",
        "data": {
          "image": "lattice_0.png",
          "use1Xscale": false,
          "name": "lattice_0.png",
          "x": 150,
          "y": 171
        }
      },
      {
        "type": "image",
        "data": {
          "image": "lattice_0.png",
          "use1Xscale": false,
          "name": "lattice_0.png",
          "x": 168,
          "y": 171
        }
      },
      {
        "type": "image",
        "data": {
          "image": "lattice_0.png",
          "use1Xscale": false,
          "name": "lattice_0.png",
          "x": 186,
          "y": 171
        }
      },
      {
        "type": "image",
        "data": {
          "image": "lattice_0.png",
          "use1Xscale": false,
          "name": "lattice_0.png",
          "x": 204,
          "y": 171
        }
      },
      {
        "type": "image",
        "data": {
          "image": "lattice_0.png",
          "use1Xscale": false,
          "name": "lattice_0.png",
          "x": 222,
          "y": 153
        }
      },
      {
        "type": "image",
        "data": {
          "image": "lattice_0.png",
          "use1Xscale": false,
          "name": "lattice_0.png",
          "x": 222,
          "y": 171
        }
      },
      {
        "type": "image",
        "data": {
          "image": "lattice_0.png",
          "use1Xscale": false,
          "name": "lattice_0.png",
          "x": 240,
          "y": 153
        }
      },
      {
        "type": "image",
        "data": {
          "image": "lattice_0.png",
          "use1Xscale": false,
          "name": "lattice_0.png",
          "x": 240,
          "y": 171
        }
      },
      {
        "type": "image",
        "data": {
          "image": "lattice_0.png",
          "use1Xscale": false,
          "name": "lattice_0.png",
          "x": 258,
          "y": 153
        }
      },
      {
        "type": "image",
        "data": {
          "image": "lattice_0.png",
          "use1Xscale": false,
          "name": "lattice_0.png",
          "x": 276,
          "y": 153
        }
      },
      {
        "type": "image",
        "data": {
          "image": "lattice_0.png",
          "use1Xscale": false,
          "name": "lattice_0.png",
          "x": 258,
          "y": 171
        }
      },
      {
        "type": "image",
        "data": {
          "image": "lattice_0.png",
          "use1Xscale": false,
          "name": "lattice_0.png",
          "x": 276,
          "y": 171
        }
      },
      {
        "type": "image",
        "data": {
          "image": "lattice_0.png",
          "use1Xscale": false,
          "name": "lattice_0.png",
          "x": 132,
          "y": 193
        }
      },
      {
        "type": "image",
        "data": {
          "image": "lattice_0.png",
          "use1Xscale": false,
          "name": "lattice_0.png",
          "x": 150,
          "y": 193
        }
      },
      {
        "type": "image",
        "data": {
          "image": "lattice_0.png",
          "use1Xscale": false,
          "name": "lattice_0.png",
          "x": 168,
          "y": 193
        }
      },
      {
        "type": "image",
        "data": {
          "image": "lattice_0.png",
          "use1Xscale": false,
          "name": "lattice_0.png",
          "x": 204,
          "y": 193
        }
      },
      {
        "type": "image",
        "data": {
          "image": "lattice_0.png",
          "use1Xscale": false,
          "name": "lattice_0.png",
          "x": 186,
          "y": 193
        }
      },
      {
        "type": "image",
        "data": {
          "image": "lattice_0.png",
          "use1Xscale": false,
          "name": "lattice_0.png",
          "x": 222,
          "y": 193
        }
      },
      {
        "type": "image",
        "data": {
          "image": "lattice_0.png",
          "use1Xscale": false,
          "name": "lattice_0.png",
          "x": 240,
          "y": 193
        }
      },
      {
        "type": "image",
        "data": {
          "image": "lattice_0.png",
          "use1Xscale": false,
          "name": "lattice_0.png",
          "x": 258,
          "y": 193
        }
      },
      {
        "type": "image",
        "data": {
          "image": "lattice_0.png",
          "use1Xscale": false,
          "name": "lattice_0.png",
          "x": 276,
          "y": 193
        }
      }
    ],
    "gridSettings": {
      "sx": 18,
      "sy": 18,
      "ox": 11,
      "oy": 15,
      "snapOnGrid": false
    }
  }
}