{
  "_fv": 33,
  "_type": "function",
  "definition": {
    "code": "# Enter the function code here\nparticle dust 1 0.9 0 0.6 ~-0.5916 ~1 ~0.1 0 0 0 0 1 force\nparticle dust 1 0.9 0 0.6 ~-0.5657 ~1 ~0.2 0 0 0 0 1 force\nparticle dust 1 0.9 0 0.6 ~-0.5196 ~1 ~0.3 0 0 0 0 1 force\nparticle dust 1 0.9 0 0.6 ~-0.4472 ~1 ~0.4 0 0 0 0 1 force\nparticle dust 1 0.9 0 0.6 ~-0.3317 ~1 ~0.5 0 0 0 0 1 force\nparticle dust 1 0.9 0 0.6 ~-0.2398 ~1 ~0.55 0 0 0 0 1 force\nparticle dust 1 0.9 0 0.6 ~0 ~1 ~0.6 0 0 0 0 1 force\n\nparticle dust 1 0.9 0 0.6 ~-0.5916 ~1 ~-0.1 0 0 0 0 1 force\nparticle dust 1 0.9 0 0.6 ~-0.5657 ~1 ~-0.2 0 0 0 0 1 force\nparticle dust 1 0.9 0 0.6 ~-0.5196 ~1 ~-0.3 0 0 0 0 1 force\nparticle dust 1 0.9 0 0.6 ~-0.4472 ~1 ~-0.4 0 0 0 0 1 force\nparticle dust 1 0.9 0 0.6 ~-0.3317 ~1 ~-0.5 0 0 0 0 1 force\nparticle dust 1 0.9 0 0.6 ~-0.2398 ~1 ~-0.55 0 0 0 0 1 force\nparticle dust 1 0.9 0 0.6 ~0 ~1 ~-0.6 0 0 0 0 1 force\n\nparticle dust 1 0.9 0 0.6 ~0.5916 ~1 ~0.1 0 0 0 0 1 force\nparticle dust 1 0.9 0 0.6 ~0.5657 ~1 ~0.2 0 0 0 0 1 force\nparticle dust 1 0.9 0 0.6 ~0.5196 ~1 ~0.3 0 0 0 0 1 force\nparticle dust 1 0.9 0 0.6 ~0.4472 ~1 ~0.4 0 0 0 0 1 force\nparticle dust 1 0.9 0 0.6 ~0.3317 ~1 ~0.5 0 0 0 0 1 force\nparticle dust 1 0.9 0 0.6 ~0.2398 ~1 ~0.55 0 0 0 0 1 force\nparticle dust 1 0.9 0 0.6 ~0 ~1 ~0.6 0 0 0 0 1 force\n\nparticle dust 1 0.9 0 0.6 ~0.5916 ~1 ~-0.1 0 0 0 0 1 force\nparticle dust 1 0.9 0 0.6 ~0.5657 ~1 ~-0.2 0 0 0 0 1 force\nparticle dust 1 0.9 0 0.6 ~0.5196 ~1 ~-0.3 0 0 0 0 1 force\nparticle dust 1 0.9 0 0.6 ~0.4472 ~1 ~-0.4 0 0 0 0 1 force\nparticle dust 1 0.9 0 0.6 ~0.3317 ~1 ~-0.5 0 0 0 0 1 force\nparticle dust 1 0.9 0 0.6 ~0.2398 ~1 ~-0.55 0 0 0 0 1 force\nparticle dust 1 0.9 0 0.6 ~0 ~1 ~-0.6 0 0 0 0 1 force",
    "name": "quan_2",
    "namespace": "mod"
  }
}