{
  "_fv": 33,
  "_type": "gui",
  "definition": {
    "type": 1,
    "width": 176,
    "height": 199,
    "inventoryOffsetX": 0,
    "inventoryOffsetY": 18,
    "renderBgLayer": true,
    "doesPauseGame": false,
    "components": [
      {
        "type": "image",
        "data": {
          "image": "arrow3.png",
          "use1Xscale": false,
          "name": "arrow3.png",
          "x": 169,
          "y": 62
        }
      },
      {
        "type": "image",
        "data": {
          "image": "lattice_0.png",
          "use1Xscale": false,
          "name": "lattice_0.png",
          "x": 176,
          "y": 40
        }
      },
      {
        "type": "image",
        "data": {
          "image": "lattice_0.png",
          "use1Xscale": false,
          "name": "lattice_0.png",
          "x": 147,
          "y": 68
        }
      },
      {
        "type": "image",
        "data": {
          "image": "lattice_0.png",
          "use1Xscale": false,
          "name": "lattice_0.png",
          "x": 176,
          "y": 96
        }
      },
      {
        "type": "image",
        "data": {
          "image": "lattice_0.png",
          "use1Xscale": false,
          "name": "lattice_0.png",
          "x": 245,
          "y": 68
        }
      },
      {
        "type": "image",
        "data": {
          "image": "progress_bar.png",
          "use1Xscale": false,
          "name": "progress_bar.png",
          "x": 266,
          "y": 68
        }
      },
      {
        "type": "image",
        "data": {
          "image": "progress_bar_1.png",
          "use1Xscale": false,
          "displayCondition": {
            "name": "ProgressBar1Stonetoolworkbench"
          },
          "name": "progress_bar_1.png",
          "x": 268,
          "y": 70
        }
      },
      {
        "type": "image",
        "data": {
          "image": "progress_bar_2.png",
          "use1Xscale": false,
          "displayCondition": {
            "name": "ProgressBar2Stonetoolworkbench"
          },
          "name": "progress_bar_2.png",
          "x": 268,
          "y": 70
        }
      },
      {
        "type": "image",
        "data": {
          "image": "progress_bar_3.png",
          "use1Xscale": false,
          "displayCondition": {
            "name": "ProgressBar3Stonetoolworkbench"
          },
          "name": "progress_bar_3.png",
          "x": 268,
          "y": 70
        }
      },
      {
        "type": "image",
        "data": {
          "image": "progress_bar_4.png",
          "use1Xscale": false,
          "displayCondition": {
            "name": "ProgressBar4Stonetoolworkbench"
          },
          "name": "progress_bar_4.png",
          "x": 268,
          "y": 70
        }
      },
      {
        "type": "image",
        "data": {
          "image": "progress_bar_5.png",
          "use1Xscale": false,
          "displayCondition": {
            "name": "ProgressBar5Stonetoolworkbench"
          },
          "name": "progress_bar_5.png",
          "x": 268,
          "y": 70
        }
      },
      {
        "type": "image",
        "data": {
          "image": "progress_bar_6.png",
          "use1Xscale": false,
          "displayCondition": {
            "name": "ProgressBar6Stonetoolworkbench"
          },
          "name": "progress_bar_6.png",
          "x": 268,
          "y": 70
        }
      },
      {
        "type": "image",
        "data": {
          "image": "progress_bar_7.png",
          "use1Xscale": false,
          "displayCondition": {
            "name": "ProgressBar7Stonetoolworkbench"
          },
          "name": "progress_bar_7.png",
          "x": 268,
          "y": 70
        }
      },
      {
        "type": "image",
        "data": {
          "image": "progress_bar_8.png",
          "use1Xscale": false,
          "displayCondition": {
            "name": "ProgressBar8Stonetoolworkbench"
          },
          "name": "progress_bar_8.png",
          "x": 268,
          "y": 70
        }
      },
      {
        "type": "image",
        "data": {
          "image": "progress_bar_9.png",
          "use1Xscale": false,
          "displayCondition": {
            "name": "ProgressBar9Stonetoolworkbench"
          },
          "name": "progress_bar_9.png",
          "x": 268,
          "y": 70
        }
      },
      {
        "type": "image",
        "data": {
          "image": "progress_bar_10.png",
          "use1Xscale": false,
          "displayCondition": {
            "name": "ProgressBar10Stonetoolworkbench"
          },
          "name": "progress_bar_10.png",
          "x": 268,
          "y": 70
        }
      },
      {
        "type": "image",
        "data": {
          "image": "progress_bar_11.png",
          "use1Xscale": false,
          "displayCondition": {
            "name": "ProgressBar11Stonetoolworkbench"
          },
          "name": "progress_bar_11.png",
          "x": 268,
          "y": 70
        }
      },
      {
        "type": "image",
        "data": {
          "image": "progress_bar_12.png",
          "use1Xscale": false,
          "displayCondition": {
            "name": "ProgressBar12Stonetoolworkbench"
          },
          "name": "progress_bar_12.png",
          "x": 268,
          "y": 70
        }
      },
      {
        "type": "image",
        "data": {
          "image": "progress_bar_13.png",
          "use1Xscale": false,
          "displayCondition": {
            "name": "ProgressBar13Stonetoolworkbench"
          },
          "name": "progress_bar_13.png",
          "x": 268,
          "y": 70
        }
      },
      {
        "type": "image",
        "data": {
          "image": "progress_bar_14.png",
          "use1Xscale": false,
          "displayCondition": {
            "name": "ProgressBar14Stonetoolworkbench"
          },
          "name": "progress_bar_14.png",
          "x": 268,
          "y": 70
        }
      },
      {
        "type": "image",
        "data": {
          "image": "progress_bar_15.png",
          "use1Xscale": false,
          "displayCondition": {
            "name": "ProgressBar15Stonetoolworkbench"
          },
          "name": "progress_bar_15.png",
          "x": 268,
          "y": 70
        }
      },
      {
        "type": "button",
        "data": {
          "text": "制作",
          "onClick": {
            "name": "QueDingstonetoolworkbench"
          },
          "width": 35,
          "height": 20,
          "name": "制作",
          "x": 240,
          "y": 98
        }
      },
      {
        "type": "inputslot",
        "data": {
          "inputLimit": {
            "value": ""
          },
          "id": 0,
          "disableStackInteraction": false,
          "dropItemsWhenNotBound": true,
          "name": "Slot #0",
          "x": 148,
          "y": 69
        }
      },
      {
        "type": "inputslot",
        "data": {
          "inputLimit": {
            "value": ""
          },
          "id": 1,
          "disableStackInteraction": false,
          "dropItemsWhenNotBound": true,
          "name": "Slot #1",
          "x": 177,
          "y": 41
        }
      },
      {
        "type": "inputslot",
        "data": {
          "inputLimit": {
            "value": ""
          },
          "id": 2,
          "disableStackInteraction": false,
          "dropItemsWhenNotBound": true,
          "name": "Slot #2",
          "x": 177,
          "y": 97
        }
      },
      {
        "type": "outputslot",
        "data": {
          "id": 3,
          "disableStackInteraction": false,
          "dropItemsWhenNotBound": true,
          "name": "Slot #3",
          "x": 246,
          "y": 69
        }
      },
      {
        "type": "label",
        "data": {
          "text": "<BNBT:number:slot_0_level>",
          "color": {
            "value": -12829636,
            "falpha": 0.0
          },
          "name": "<BNBT:number:slot_0_level>",
          "x": 128,
          "y": 73
        }
      },
      {
        "type": "label",
        "data": {
          "text": "<BNBT:number:slot_1_level>",
          "color": {
            "value": -12829636,
            "falpha": 0.0
          },
          "name": "<BNBT:number:slot_1_level>",
          "x": 159,
          "y": 44
        }
      },
      {
        "type": "label",
        "data": {
          "text": "<BNBT:number:slot_2_level>",
          "color": {
            "value": -12829636,
            "falpha": 0.0
          },
          "name": "<BNBT:number:slot_2_level>",
          "x": 157,
          "y": 101
        }
      },
      {
        "type": "label",
        "data": {
          "text": "<BNBT:number:tick>",
          "color": {
            "value": -12829636,
            "falpha": 0.0
          },
          "name": "<BNBT:number:tick>",
          "x": 275,
          "y": 54
        }
      },
      {
        "type": "label",
        "data": {
          "text": "<BNBT:number:tick_max>",
          "color": {
            "value": -12829636,
            "falpha": 0.0
          },
          "name": "<BNBT:number:tick_max>",
          "x": 276,
          "y": 68
        }
      },
      {
        "type": "label",
        "data": {
          "text": "<BNBT:number:time%>",
          "color": {
            "value": -12829636,
            "falpha": 0.0
          },
          "name": "<BNBT:number:time%>",
          "x": 276,
          "y": 82
        }
      },
      {
        "type": "label",
        "data": {
          "text": "<BNBT:number:true>",
          "color": {
            "value": -12829636,
            "falpha": 0.0
          },
          "name": "<BNBT:number:true>",
          "x": 250,
          "y": 118
        }
      },
      {
        "type": "label",
        "data": {
          "text": "<BNBT:number:item_true>",
          "color": {
            "value": -12829636,
            "falpha": 0.0
          },
          "name": "<BNBT:number:item_true>",
          "x": 187,
          "y": 65
        }
      },
      {
        "type": "label",
        "data": {
          "text": "<BNBT:number:slot_0_id>",
          "color": {
            "value": -12829636,
            "falpha": 0.0
          },
          "name": "<BNBT:number:slot_0_id>",
          "x": 147,
          "y": 59
        }
      },
      {
        "type": "label",
        "data": {
          "text": "<BNBT:number:slot_1_id>",
          "color": {
            "value": -12829636,
            "falpha": 0.0
          },
          "name": "<BNBT:number:slot_1_id>",
          "x": 177,
          "y": 29
        }
      },
      {
        "type": "label",
        "data": {
          "text": "<BNBT:number:slot_2_id>",
          "color": {
            "value": -12829636,
            "falpha": 0.0
          },
          "name": "<BNBT:number:slot_2_id>",
          "x": 176,
          "y": 116
        }
      },
      {
        "type": "image",
        "data": {
          "image": "lattice_0.png",
          "use1Xscale": false,
          "name": "lattice_0.png",
          "x": 132,
          "y": 138
        }
      },
      {
        "type": "image",
        "data": {
          "image": "lattice_0.png",
          "use1Xscale": false,
          "name": "lattice_0.png",
          "x": 150,
          "y": 138
        }
      },
      {
        "type": "image",
        "data": {
          "image": "lattice_0.png",
          "use1Xscale": false,
          "name": "lattice_0.png",
          "x": 150,
          "y": 174
        }
      },
      {
        "type": "image",
        "data": {
          "image": "lattice_0.png",
          "use1Xscale": false,
          "name": "lattice_0.png",
          "x": 168,
          "y": 156
        }
      },
      {
        "type": "image",
        "data": {
          "image": "lattice_0.png",
          "use1Xscale": false,
          "name": "lattice_0.png",
          "x": 132,
          "y": 174
        }
      },
      {
        "type": "image",
        "data": {
          "image": "lattice_0.png",
          "use1Xscale": false,
          "name": "lattice_0.png",
          "x": 186,
          "y": 138
        }
      },
      {
        "type": "image",
        "data": {
          "image": "lattice_0.png",
          "use1Xscale": false,
          "name": "lattice_0.png",
          "x": 186,
          "y": 174
        }
      },
      {
        "type": "image",
        "data": {
          "image": "lattice_0.png",
          "use1Xscale": false,
          "name": "lattice_0.png",
          "x": 204,
          "y": 156
        }
      },
      {
        "type": "image",
        "data": {
          "image": "lattice_0.png",
          "use1Xscale": false,
          "name": "lattice_0.png",
          "x": 222,
          "y": 174
        }
      },
      {
        "type": "image",
        "data": {
          "image": "lattice_0.png",
          "use1Xscale": false,
          "name": "lattice_0.png",
          "x": 222,
          "y": 138
        }
      },
      {
        "type": "image",
        "data": {
          "image": "lattice_0.png",
          "use1Xscale": false,
          "name": "lattice_0.png",
          "x": 222,
          "y": 156
        }
      },
      {
        "type": "image",
        "data": {
          "image": "lattice_0.png",
          "use1Xscale": false,
          "name": "lattice_0.png",
          "x": 204,
          "y": 138
        }
      },
      {
        "type": "image",
        "data": {
          "image": "lattice_0.png",
          "use1Xscale": false,
          "name": "lattice_0.png",
          "x": 204,
          "y": 174
        }
      },
      {
        "type": "image",
        "data": {
          "image": "lattice_0.png",
          "use1Xscale": false,
          "name": "lattice_0.png",
          "x": 168,
          "y": 138
        }
      },
      {
        "type": "image",
        "data": {
          "image": "lattice_0.png",
          "use1Xscale": false,
          "name": "lattice_0.png",
          "x": 132,
          "y": 156
        }
      },
      {
        "type": "image",
        "data": {
          "image": "lattice_0.png",
          "use1Xscale": false,
          "name": "lattice_0.png",
          "x": 150,
          "y": 156
        }
      },
      {
        "type": "image",
        "data": {
          "image": "lattice_0.png",
          "use1Xscale": false,
          "name": "lattice_0.png",
          "x": 168,
          "y": 174
        }
      },
      {
        "type": "image",
        "data": {
          "image": "lattice_0.png",
          "use1Xscale": false,
          "name": "lattice_0.png",
          "x": 186,
          "y": 156
        }
      },
      {
        "type": "image",
        "data": {
          "image": "lattice_0.png",
          "use1Xscale": false,
          "name": "lattice_0.png",
          "x": 258,
          "y": 156
        }
      },
      {
        "type": "image",
        "data": {
          "image": "lattice_0.png",
          "use1Xscale": false,
          "name": "lattice_0.png",
          "x": 276,
          "y": 138
        }
      },
      {
        "type": "image",
        "data": {
          "image": "lattice_0.png",
          "use1Xscale": false,
          "name": "lattice_0.png",
          "x": 276,
          "y": 174
        }
      },
      {
        "type": "image",
        "data": {
          "image": "lattice_0.png",
          "use1Xscale": false,
          "name": "lattice_0.png",
          "x": 240,
          "y": 138
        }
      },
      {
        "type": "image",
        "data": {
          "image": "lattice_0.png",
          "use1Xscale": false,
          "name": "lattice_0.png",
          "x": 240,
          "y": 174
        }
      },
      {
        "type": "image",
        "data": {
          "image": "lattice_0.png",
          "use1Xscale": false,
          "name": "lattice_0.png",
          "x": 240,
          "y": 156
        }
      },
      {
        "type": "image",
        "data": {
          "image": "lattice_0.png",
          "use1Xscale": false,
          "name": "lattice_0.png",
          "x": 276,
          "y": 156
        }
      },
      {
        "type": "image",
        "data": {
          "image": "lattice_0.png",
          "use1Xscale": false,
          "name": "lattice_0.png",
          "x": 258,
          "y": 138
        }
      },
      {
        "type": "image",
        "data": {
          "image": "lattice_0.png",
          "use1Xscale": false,
          "name": "lattice_0.png",
          "x": 258,
          "y": 174
        }
      },
      {
        "type": "image",
        "data": {
          "image": "lattice_0.png",
          "use1Xscale": false,
          "name": "lattice_0.png",
          "x": 132,
          "y": 196
        }
      },
      {
        "type": "image",
        "data": {
          "image": "lattice_0.png",
          "use1Xscale": false,
          "name": "lattice_0.png",
          "x": 150,
          "y": 196
        }
      },
      {
        "type": "image",
        "data": {
          "image": "lattice_0.png",
          "use1Xscale": false,
          "name": "lattice_0.png",
          "x": 168,
          "y": 196
        }
      },
      {
        "type": "image",
        "data": {
          "image": "lattice_0.png",
          "use1Xscale": false,
          "name": "lattice_0.png",
          "x": 186,
          "y": 196
        }
      },
      {
        "type": "image",
        "data": {
          "image": "lattice_0.png",
          "use1Xscale": false,
          "name": "lattice_0.png",
          "x": 204,
          "y": 196
        }
      },
      {
        "type": "image",
        "data": {
          "image": "lattice_0.png",
          "use1Xscale": false,
          "name": "lattice_0.png",
          "x": 222,
          "y": 196
        }
      },
      {
        "type": "image",
        "data": {
          "image": "lattice_0.png",
          "use1Xscale": false,
          "name": "lattice_0.png",
          "x": 240,
          "y": 196
        }
      },
      {
        "type": "image",
        "data": {
          "image": "lattice_0.png",
          "use1Xscale": false,
          "name": "lattice_0.png",
          "x": 258,
          "y": 196
        }
      },
      {
        "type": "image",
        "data": {
          "image": "lattice_0.png",
          "use1Xscale": false,
          "name": "lattice_0.png",
          "x": 276,
          "y": 196
        }
      }
    ],
    "gridSettings": {
      "sx": 18,
      "sy": 18,
      "ox": 11,
      "oy": 15,
      "snapOnGrid": false
    }
  }
}