{
  "_fv": 33,
  "_type": "command",
  "definition": {
    "commandName": "technology",
    "permissionLevel": "No requirement",
    "argsxml": "<xml xmlns=\"https://developers.google.com/blockly/xml\"><block type=\"args_start\" deletable=\"false\" x=\"196\" y=\"164\"><next><block type=\"literal\"><field name=\"name\">Minecraft</field><statement name=\"args\"><block type=\"literal\"><field name=\"name\">attribute</field><statement name=\"args\"><block type=\"number_default\"><field name=\"name\">order</field><statement name=\"args\"><block type=\"old_command\"><field name=\"procedure\">SetMaxHealth</field></block></statement></block></statement></block></statement><next><block type=\"literal\"><field name=\"name\">Mod</field><statement name=\"args\"><block type=\"literal\" collapsed=\"true\"><field name=\"name\">ability</field><statement name=\"args\"><block type=\"literal\"><field name=\"name\">set</field><statement name=\"args\"><block type=\"entity\"><field name=\"name\">player</field><field name=\"type\">players</field><statement name=\"args\"><block type=\"literal\"><field name=\"name\">ability_0</field><statement name=\"args\"><block type=\"number_default\"><field name=\"name\">order</field><statement name=\"args\"><block type=\"old_command\"><field name=\"procedure\">Setability0</field></block></statement></block></statement><next><block type=\"literal\"><field name=\"name\">ability_1</field><statement name=\"args\"><block type=\"number_default\"><field name=\"name\">order</field><statement name=\"args\"><block type=\"old_command\"><field name=\"procedure\">Setability1</field></block></statement></block></statement><next><block type=\"literal\"><field name=\"name\">ability_2</field><statement name=\"args\"><block type=\"number_default\"><field name=\"name\">order</field><statement name=\"args\"><block type=\"old_command\"><field name=\"procedure\">Setability2</field></block></statement></block></statement><next><block type=\"literal\"><field name=\"name\">ability_3</field><statement name=\"args\"><block type=\"number_default\"><field name=\"name\">order</field><statement name=\"args\"><block type=\"old_command\"><field name=\"procedure\">Setability3</field></block></statement></block></statement><next><block type=\"literal\"><field name=\"name\">ability_4</field><statement name=\"args\"><block type=\"number_default\"><field name=\"name\">order</field><statement name=\"args\"><block type=\"old_command\"><field name=\"procedure\">Setability4</field></block></statement></block></statement><next><block type=\"literal\"><field name=\"name\">ability_5</field><statement name=\"args\"><block type=\"number_default\"><field name=\"name\">order</field><statement name=\"args\"><block type=\"old_command\"><field name=\"procedure\">Setability5</field></block></statement></block></statement><next><block type=\"literal\"><field name=\"name\">ability_6</field><statement name=\"args\"><block type=\"number_default\"><field name=\"name\">order</field><statement name=\"args\"><block type=\"old_command\"><field name=\"procedure\">Setability6</field></block></statement></block></statement></block></next></block></next></block></next></block></next></block></next></block></next></block></statement></block></statement><next><block type=\"literal\"><field name=\"name\">get</field><statement name=\"args\"><block type=\"entity\"><field name=\"name\">player</field><field name=\"type\">players</field><statement name=\"args\"><block type=\"old_command\"><field name=\"procedure\">Getability</field></block></statement></block></statement></block></next></block></statement><next><block type=\"literal\"><field name=\"name\">attribute</field><statement name=\"args\"><block type=\"literal\"><field name=\"name\">Minecraft_Attribute</field><statement name=\"args\"><block type=\"literal\" collapsed=\"true\"><field name=\"name\">set</field><statement name=\"args\"><block type=\"entity\"><field name=\"name\">player</field><field name=\"type\">entities</field><statement name=\"args\"><block type=\"literal\" collapsed=\"true\"><field name=\"name\">Max_Health</field><statement name=\"args\"><block type=\"number_default\"><field name=\"name\">order</field><statement name=\"args\"><block type=\"old_command\"><field name=\"procedure\">SetMaxHealth</field></block></statement></block></statement><next><block type=\"literal\" collapsed=\"true\"><field name=\"name\">Armor</field><statement name=\"args\"><block type=\"number_default\"><field name=\"name\">order</field><statement name=\"args\"><block type=\"old_command\"><field name=\"procedure\">SetArmor</field></block></statement></block></statement><next><block type=\"literal\" collapsed=\"true\"><field name=\"name\">Armor_Toughness</field><statement name=\"args\"><block type=\"number_default\"><field name=\"name\">order</field><statement name=\"args\"><block type=\"old_command\"><field name=\"procedure\">SetAemorToughness</field></block></statement></block></statement><next><block type=\"literal\" collapsed=\"true\"><field name=\"name\">Attack_Damage</field><statement name=\"args\"><block type=\"number_default\"><field name=\"name\">order</field><statement name=\"args\"><block type=\"old_command\"><field name=\"procedure\">SetAttackDamage</field></block></statement></block></statement><next><block type=\"literal\" collapsed=\"true\"><field name=\"name\">Attack_Knockback</field><statement name=\"args\"><block type=\"number_default\"><field name=\"name\">order</field><statement name=\"args\"><block type=\"old_command\"><field name=\"procedure\">SetAttackKnockback</field></block></statement></block></statement><next><block type=\"literal\" collapsed=\"true\"><field name=\"name\">Attack_Speed</field><statement name=\"args\"><block type=\"number_default\"><field name=\"name\">order</field><statement name=\"args\"><block type=\"old_command\"><field name=\"procedure\">SetAttackSpeed</field></block></statement></block></statement><next><block type=\"literal\" collapsed=\"true\"><field name=\"name\">Flying_Speed</field><statement name=\"args\"><block type=\"number_default\"><field name=\"name\">order</field><statement name=\"args\"><block type=\"old_command\"><field name=\"procedure\">SetFlyingSpeed</field></block></statement></block></statement><next><block type=\"literal\" collapsed=\"true\"><field name=\"name\">Follow_Range</field><statement name=\"args\"><block type=\"number_default\"><field name=\"name\">order</field><statement name=\"args\"><block type=\"old_command\"><field name=\"procedure\">SetFollowRange</field></block></statement></block></statement><next><block type=\"literal\" collapsed=\"true\"><field name=\"name\">Jump_Strength</field><statement name=\"args\"><block type=\"number_default\"><field name=\"name\">order</field><statement name=\"args\"><block type=\"old_command\"><field name=\"procedure\">SetJumpStrength</field></block></statement></block></statement><next><block type=\"literal\" collapsed=\"true\"><field name=\"name\">Luck</field><statement name=\"args\"><block type=\"number_default\"><field name=\"name\">order</field><statement name=\"args\"><block type=\"old_command\"><field name=\"procedure\">SetLuck</field></block></statement></block></statement><next><block type=\"literal\" collapsed=\"true\"><field name=\"name\">Movement_Speed</field><statement name=\"args\"><block type=\"number_default\"><field name=\"name\">order</field><statement name=\"args\"><block type=\"old_command\"><field name=\"procedure\">SetMovementSpeed</field></block></statement></block></statement><next><block type=\"literal\" collapsed=\"true\"><field name=\"name\">Knockback_Resistance</field><statement name=\"args\"><block type=\"number_default\"><field name=\"name\">order</field><statement name=\"args\"><block type=\"old_command\"><field name=\"procedure\">SetKnockbackResistance</field></block></statement></block></statement><next><block type=\"literal\" collapsed=\"true\"><field name=\"name\">Reach_Distance</field><statement name=\"args\"><block type=\"number_default\"><field name=\"name\">order</field><statement name=\"args\"><block type=\"old_command\"><field name=\"procedure\">SetReachdistance</field></block></statement></block></statement><next><block type=\"literal\" collapsed=\"true\"><field name=\"name\">Swim_Speed</field><statement name=\"args\"><block type=\"number_default\"><field name=\"name\">order</field><statement name=\"args\"><block type=\"old_command\"><field name=\"procedure\">SetSwimspeed</field></block></statement></block></statement><next><block type=\"literal\" collapsed=\"true\"><field name=\"name\">Entity_Gravity</field><statement name=\"args\"><block type=\"number_default\"><field name=\"name\">order</field><statement name=\"args\"><block type=\"old_command\"><field name=\"procedure\">SetEntitygravity</field></block></statement></block></statement></block></next></block></next></block></next></block></next></block></next></block></next></block></next></block></next></block></next></block></next></block></next></block></next></block></next></block></next></block></statement></block></statement><next><block type=\"literal\" collapsed=\"true\"><field name=\"name\">get</field><statement name=\"args\"><block type=\"entity\"><field name=\"name\">player</field><field name=\"type\">entities</field><statement name=\"args\"><block type=\"literal\" collapsed=\"true\"><field name=\"name\">Max_Health</field><statement name=\"args\"><block type=\"old_command\"><field name=\"procedure\">GetMaxHealth</field></block></statement><next><block type=\"literal\" collapsed=\"true\"><field name=\"name\">Armor</field><statement name=\"args\"><block type=\"old_command\"><field name=\"procedure\">GetArmor</field></block></statement><next><block type=\"literal\" collapsed=\"true\"><field name=\"name\">Armor_Toughness</field><statement name=\"args\"><block type=\"old_command\"><field name=\"procedure\">GetAemorToughness</field></block></statement><next><block type=\"literal\" collapsed=\"true\"><field name=\"name\">Attack_Damage</field><statement name=\"args\"><block type=\"old_command\"><field name=\"procedure\">GetAttackDamage</field></block></statement><next><block type=\"literal\" collapsed=\"true\"><field name=\"name\">Attack_Knockback</field><statement name=\"args\"><block type=\"old_command\"><field name=\"procedure\">GetAttackKnockback</field></block></statement><next><block type=\"literal\" collapsed=\"true\"><field name=\"name\">Attack_Speed</field><statement name=\"args\"><block type=\"old_command\"><field name=\"procedure\">GetAttackSpeed</field></block></statement><next><block type=\"literal\" collapsed=\"true\"><field name=\"name\">Flying_Speed</field><statement name=\"args\"><block type=\"old_command\"><field name=\"procedure\">GetFlyingSpeed</field></block></statement><next><block type=\"literal\" collapsed=\"true\"><field name=\"name\">Follow_Range</field><statement name=\"args\"><block type=\"old_command\"><field name=\"procedure\">GetFollowRange</field></block></statement><next><block type=\"literal\" collapsed=\"true\"><field name=\"name\">Jump_Strength</field><statement name=\"args\"><block type=\"old_command\"><field name=\"procedure\">GetJumpStrength</field></block></statement><next><block type=\"literal\" collapsed=\"true\"><field name=\"name\">Luck</field><statement name=\"args\"><block type=\"old_command\"><field name=\"procedure\">GetLuck</field></block></statement><next><block type=\"literal\" collapsed=\"true\"><field name=\"name\">Movement_Speed</field><statement name=\"args\"><block type=\"old_command\"><field name=\"procedure\">GetMovementSpeed</field></block></statement><next><block type=\"literal\" collapsed=\"true\"><field name=\"name\">Knockback_Resistance</field><statement name=\"args\"><block type=\"old_command\"><field name=\"procedure\">GetKnockbackResistance</field></block></statement><next><block type=\"literal\" collapsed=\"true\"><field name=\"name\">Reach_Distance</field><statement name=\"args\"><block type=\"old_command\"><field name=\"procedure\">GetReachDistance</field></block></statement><next><block type=\"literal\" collapsed=\"true\"><field name=\"name\">Swim_Speed</field><statement name=\"args\"><block type=\"old_command\"><field name=\"procedure\">GetSwimspeed</field></block></statement><next><block type=\"literal\" collapsed=\"true\"><field name=\"name\">Entity_Gravity</field><statement name=\"args\"><block type=\"old_command\"><field name=\"procedure\">GetEntitygravity</field></block></statement></block></next></block></next></block></next></block></next></block></next></block></next></block></next></block></next></block></next></block></next></block></next></block></next></block></next></block></next></block></statement></block></statement></block></next></block></statement><next><block type=\"literal\"><field name=\"name\">Mod_Attribute</field><statement name=\"args\"><block type=\"literal\" collapsed=\"true\"><field name=\"name\">set</field><statement name=\"args\"><block type=\"entity\"><field name=\"name\">player</field><field name=\"type\">entities</field><statement name=\"args\"><block type=\"literal\" collapsed=\"true\"><field name=\"name\">Max_Health</field><statement name=\"args\"><block type=\"number_default\"><field name=\"name\">order</field><statement name=\"args\"><block type=\"old_command\"><field name=\"procedure\">SetsMaxHealth</field></block></statement></block></statement><next><block type=\"literal\" collapsed=\"true\"><field name=\"name\">Armor</field><statement name=\"args\"><block type=\"number_default\"><field name=\"name\">order</field><statement name=\"args\"><block type=\"old_command\"><field name=\"procedure\">SetsArmor</field></block></statement></block></statement><next><block type=\"literal\" collapsed=\"true\"><field name=\"name\">Armor_Toughness</field><statement name=\"args\"><block type=\"number_default\"><field name=\"name\">order</field><statement name=\"args\"><block type=\"old_command\"><field name=\"procedure\">SetsArmorToughness</field></block></statement></block></statement><next><block type=\"literal\" collapsed=\"true\"><field name=\"name\">Attack_Damage</field><statement name=\"args\"><block type=\"number_default\"><field name=\"name\">order</field><statement name=\"args\"><block type=\"old_command\"><field name=\"procedure\">SetsAttackDamage</field></block></statement></block></statement><next><block type=\"literal\" collapsed=\"true\"><field name=\"name\">Attack_Knockback</field><statement name=\"args\"><block type=\"number_default\"><field name=\"name\">order</field><statement name=\"args\"><block type=\"old_command\"><field name=\"procedure\">SetsAttackKnockback</field></block></statement></block></statement><next><block type=\"literal\" collapsed=\"true\"><field name=\"name\">Attack_Speed</field><statement name=\"args\"><block type=\"number_default\"><field name=\"name\">order</field><statement name=\"args\"><block type=\"old_command\"><field name=\"procedure\">SetsAttackSpeed</field></block></statement></block></statement><next><block type=\"literal\" collapsed=\"true\"><field name=\"name\">Luck</field><statement name=\"args\"><block type=\"number_default\"><field name=\"name\">order</field><statement name=\"args\"><block type=\"old_command\"><field name=\"procedure\">SetsLuck</field></block></statement></block></statement><next><block type=\"literal\" collapsed=\"true\"><field name=\"name\">Movement_Speed</field><statement name=\"args\"><block type=\"number_default\"><field name=\"name\">order</field><statement name=\"args\"><block type=\"old_command\"><field name=\"procedure\">SetsMovementSpeed</field></block></statement></block></statement><next><block type=\"literal\" collapsed=\"true\"><field name=\"name\">Knockback_Resistance</field><statement name=\"args\"><block type=\"number_default\"><field name=\"name\">order</field><statement name=\"args\"><block type=\"old_command\"><field name=\"procedure\">SetsKnockbackResistance</field></block></statement></block></statement><next><block type=\"literal\" collapsed=\"true\"><field name=\"name\">Reach_Distance</field><statement name=\"args\"><block type=\"number_default\"><field name=\"name\">order</field><statement name=\"args\"><block type=\"old_command\"><field name=\"procedure\">SetsReachDistance</field></block></statement></block></statement><next><block type=\"literal\" collapsed=\"true\"><field name=\"name\">Swim_Speed</field><statement name=\"args\"><block type=\"number_default\"><field name=\"name\">order</field><statement name=\"args\"><block type=\"old_command\"><field name=\"procedure\">SetsSwimSpeed</field></block></statement></block></statement><next><block type=\"literal\" collapsed=\"true\"><field name=\"name\">Entity_Gravity</field><statement name=\"args\"><block type=\"number_default\"><field name=\"name\">order</field><statement name=\"args\"><block type=\"old_command\"><field name=\"procedure\">SetsEntityGravity</field></block></statement></block></statement></block></next></block></next></block></next></block></next></block></next></block></next></block></next></block></next></block></next></block></next></block></next></block></statement></block></statement><next><block type=\"literal\" collapsed=\"true\"><field name=\"name\">get</field><statement name=\"args\"><block type=\"entity\"><field name=\"name\">player</field><field name=\"type\">entities</field><statement name=\"args\"><block type=\"literal\" collapsed=\"true\"><field name=\"name\">Max_Health</field><statement name=\"args\"><block type=\"old_command\"><field name=\"procedure\">GetMaxHealth</field></block></statement><next><block type=\"literal\" collapsed=\"true\"><field name=\"name\">Armor</field><statement name=\"args\"><block type=\"old_command\"><field name=\"procedure\">GetArmor</field></block></statement><next><block type=\"literal\" collapsed=\"true\"><field name=\"name\">Armor_Toughness</field><statement name=\"args\"><block type=\"old_command\"><field name=\"procedure\">GetAemorToughness</field></block></statement><next><block type=\"literal\" collapsed=\"true\"><field name=\"name\">Attack_Damage</field><statement name=\"args\"><block type=\"old_command\"><field name=\"procedure\">GetAttackDamage</field></block></statement><next><block type=\"literal\" collapsed=\"true\"><field name=\"name\">Attack_Knockback</field><statement name=\"args\"><block type=\"old_command\"><field name=\"procedure\">GetAttackKnockback</field></block></statement><next><block type=\"literal\" collapsed=\"true\"><field name=\"name\">Attack_Speed</field><statement name=\"args\"><block type=\"old_command\"><field name=\"procedure\">GetAttackSpeed</field></block></statement><next><block type=\"literal\" collapsed=\"true\"><field name=\"name\">Flying_Speed</field><statement name=\"args\"><block type=\"old_command\"><field name=\"procedure\">GetFlyingSpeed</field></block></statement><next><block type=\"literal\" collapsed=\"true\"><field name=\"name\">Follow_Range</field><statement name=\"args\"><block type=\"old_command\"><field name=\"procedure\">GetFollowRange</field></block></statement><next><block type=\"literal\" collapsed=\"true\"><field name=\"name\">Jump_Strength</field><statement name=\"args\"><block type=\"old_command\"><field name=\"procedure\">GetJumpStrength</field></block></statement><next><block type=\"literal\" collapsed=\"true\"><field name=\"name\">Luck</field><statement name=\"args\"><block type=\"old_command\"><field name=\"procedure\">GetLuck</field></block></statement><next><block type=\"literal\" collapsed=\"true\"><field name=\"name\">Movement_Speed</field><statement name=\"args\"><block type=\"old_command\"><field name=\"procedure\">GetMovementSpeed</field></block></statement><next><block type=\"literal\" collapsed=\"true\"><field name=\"name\">Knockback_Resistance</field><statement name=\"args\"><block type=\"old_command\"><field name=\"procedure\">GetKnockbackResistance</field></block></statement><next><block type=\"literal\" collapsed=\"true\"><field name=\"name\">Reach_Distance</field><statement name=\"args\"><block type=\"old_command\"><field name=\"procedure\">GetReachDistance</field></block></statement><next><block type=\"literal\" collapsed=\"true\"><field name=\"name\">Swim_Speed</field><statement name=\"args\"><block type=\"old_command\"><field name=\"procedure\">GetSwimspeed</field></block></statement><next><block type=\"literal\" collapsed=\"true\"><field name=\"name\">Entity_Gravity</field><statement name=\"args\"><block type=\"old_command\"><field name=\"procedure\">GetEntitygravity</field></block></statement></block></next></block></next></block></next></block></next></block></next></block></next></block></next></block></next></block></next></block></next></block></next></block></next></block></next></block></next></block></statement></block></statement></block></next></block></statement></block></next></block></statement></block></next></block></statement></block></next></block></next></block><block type=\"literal\" x=\"824\" y=\"247\"><field name=\"name\">armor</field><statement name=\"args\"><block type=\"number_default\"><field name=\"name\">name</field><statement name=\"args\"><block type=\"old_command\"><field name=\"procedure\">Armor</field></block></statement></block></statement><next><block type=\"literal\"><field name=\"name\">max_health</field><statement name=\"args\"><block type=\"number_default\"><field name=\"name\">name</field><statement name=\"args\"><block type=\"old_command\"><field name=\"procedure\">Hea</field></block></statement></block></statement></block></next></block><block type=\"number_default\" x=\"813\" y=\"508\"><field name=\"name\">name</field><statement name=\"args\"><block type=\"old_command\"><field name=\"procedure\">Armor</field></block></statement></block></xml>"
  }
}