{
  "_fv": 33,
  "_type": "recipe",
  "definition": {
    "recipeType": "Crafting",
    "xpReward": 0.0,
    "cookingTime": 200,
    "recipeRetstackSize": 2,
    "group": "stone_age",
    "recipeShapeless": false,
    "recipeSlots": [
      {
        "value": "CUSTOM:Primitiveancientplanks"
      },
      {
        "value": "CUSTOM:Primitiveancientplanks"
      },
      {
        "value": "CUSTOM:Primitiveancientplanks"
      },
      {
        "value": "CUSTOM:Primitiveancientplanks"
      },
      {
        "value": "CUSTOM:Primitiveancientplanks"
      },
      {
        "value": "CUSTOM:Primitiveancientplanks"
      },
      {
        "value": ""
      },
      {
        "value": ""
      },
      {
        "value": ""
      }
    ],
    "recipeReturnStack": {
      "value": "CUSTOM:Primitiveancienttrapdoor"
    },
    "name": "technologyprimitivetrapdoor",
    "namespace": "mod"
  }
}