{
  "_fv": 33,
  "_type": "recipe",
  "definition": {
    "recipeType": "Crafting",
    "xpReward": 0.0,
    "cookingTime": 200,
    "recipeRetstackSize": 1,
    "group": "stone_age",
    "recipeShapeless": false,
    "recipeSlots": [
      {
        "value": "Blocks.STONE_PRESSURE_PLATE"
      },
      {
        "value": ""
      },
      {
        "value": "Blocks.STONE_PRESSURE_PLATE"
      },
      {
        "value": "Blocks.NORMAL_STONE_SLAB"
      },
      {
        "value": "Blocks.NORMAL_STONE_SLAB"
      },
      {
        "value": "Blocks.NORMAL_STONE_SLAB"
      },
      {
        "value": "Blocks.STONE#0"
      },
      {
        "value": "Blocks.STONE#0"
      },
      {
        "value": "Blocks.STONE#0"
      }
    ],
    "recipeReturnStack": {
      "value": "CUSTOM:Knifestone"
    },
    "name": "technologyprimitiveknifestone",
    "namespace": "mod"
  }
}