{
	"credit": "Made with Blockbench",
	"texture_size": [32, 32],
	"textures": {
		"0": "technology:blocks/awakening_crystal",
		"particle": "technology:blocks/awakening_crystal"
	},
	"elements": [
		{
			"from": [5, 0, 5],
			"to": [11, 16, 11],
			"rotation": {"angle": 0, "axis": "y", "origin": [4, 0, 4]},
			"faces": {
				"north": {"uv": [0, 0, 3, 8], "texture": "#0"},
				"east": {"uv": [3, 0, 6, 8], "texture": "#0"},
				"south": {"uv": [6, 0, 9, 8], "texture": "#0"},
				"west": {"uv": [0, 8, 3, 16], "texture": "#0"},
				"up": {"uv": [12, 8, 9, 5], "texture": "#0"},
				"down": {"uv": [13, 8, 10, 11], "texture": "#0"}
			}
		},
		{
			"from": [6.25, 6.55, 6],
			"to": [11.25, 16.55, 10],
			"rotation": {"angle": -45, "axis": "z", "origin": [3.2, 3.6, 4]},
			"faces": {
				"north": {"uv": [3, 8, 5.5, 13], "texture": "#0"},
				"east": {"uv": [8, 8, 10, 13], "texture": "#0"},
				"south": {"uv": [5.5, 8, 8, 13], "texture": "#0"},
				"west": {"uv": [9, 0, 11, 5], "texture": "#0"},
				"up": {"uv": [13.5, 2, 11, 0], "texture": "#0"},
				"down": {"uv": [13.5, 2, 11, 4], "texture": "#0"}
			}
		},
		{
			"from": [6, -1.27, 7.96],
			"to": [10, 8.73, 12.96],
			"rotation": {"angle": -45, "axis": "x", "origin": [12, -4.2, 4.9]},
			"faces": {
				"north": {"uv": [9, 0, 11, 5], "texture": "#0"},
				"east": {"uv": [3, 8, 5.5, 13], "texture": "#0"},
				"south": {"uv": [8, 8, 10, 13], "texture": "#0"},
				"west": {"uv": [5.5, 8, 8, 13], "texture": "#0"},
				"up": {"uv": [13.5, 2, 11, 0], "rotation": 90, "texture": "#0"},
				"down": {"uv": [13.5, 2, 11, 4], "rotation": 270, "texture": "#0"}
			}
		},
		{
			"from": [4.75, 6.55, 6],
			"to": [9.75, 16.55, 10],
			"rotation": {"angle": 45, "axis": "z", "origin": [12.8, 3.6, 12]},
			"faces": {
				"north": {"uv": [5.5, 8, 8, 13], "texture": "#0"},
				"east": {"uv": [9, 0, 11, 5], "texture": "#0"},
				"south": {"uv": [3, 8, 5.5, 13], "texture": "#0"},
				"west": {"uv": [8, 8, 10, 13], "texture": "#0"},
				"up": {"uv": [13.5, 2, 11, 0], "rotation": 180, "texture": "#0"},
				"down": {"uv": [13.5, 2, 11, 4], "rotation": 180, "texture": "#0"}
			}
		},
		{
			"from": [6.1, -1.3, 3],
			"to": [10.1, 8.7, 8],
			"rotation": {"angle": 45, "axis": "x", "origin": [4.1, -4.3, 11.1]},
			"faces": {
				"north": {"uv": [8, 8, 10, 13], "texture": "#0"},
				"east": {"uv": [5.5, 8, 8, 13], "texture": "#0"},
				"south": {"uv": [9, 0, 11, 5], "texture": "#0"},
				"west": {"uv": [3, 8, 5.5, 13], "texture": "#0"},
				"up": {"uv": [13.5, 2, 11, 0], "rotation": 270, "texture": "#0"},
				"down": {"uv": [13.5, 2, 11, 4], "rotation": 90, "texture": "#0"}
			}
		}
	],
	"display": {
		"thirdperson_righthand": {
			"scale": [0.4, 0.4, 0.4]
		},
		"thirdperson_lefthand": {
			"scale": [0.4, 0.4, 0.4]
		},
		"firstperson_righthand": {
			"translation": [0, 1, 0],
			"scale": [0.4, 0.4, 0.4]
		},
		"firstperson_lefthand": {
			"scale": [0.4, 0.4, 0.4]
		},
		"ground": {
			"scale": [0.4, 0.4, 0.4]
		},
		"gui": {
			"rotation": [28.75, -45, 0],
			"scale": [0.75, 0.75, 0.75]
		},
		"head": {
			"scale": [0, 0, 0]
		},
		"fixed": {
			"rotation": [0, -45, 0]
		}
	}
}