{
	"credit": "Made with Blockbench",
	"texture_size": [32, 32],
	"textures": {
		"0": "technology:blocks/knife_stone",
		"particle": "technology:blocks/knife_stone"
	},
	"elements": [
		{
			"from": [3, 0, 0],
			"to": [13, 6.5, 16],
			"faces": {
				"north": {"uv": [9.5, 4.75, 14.5, 8], "texture": "#0"},
				"east": {"uv": [0, 12.75, 8, 16], "texture": "#0"},
				"south": {"uv": [9.5, 4.75, 14.5, 8], "texture": "#0"},
				"west": {"uv": [8, 12.75, 0, 16], "texture": "#0"},
				"up": {"uv": [9.5, 8, 14.5, 16], "texture": "#0"},
				"down": {"uv": [1.5, 0, 6.5, 8], "texture": "#0"}
			}
		},
		{
			"from": [3, 6.5, 0],
			"to": [13, 7, 5.5],
			"faces": {
				"north": {"uv": [9.5, 4.5, 14.5, 4.75], "texture": "#0"},
				"east": {"uv": [5.25, 12.5, 8, 12.75], "texture": "#0"},
				"south": {"uv": [9.5, 10.5, 14.5, 10.75], "texture": "#0"},
				"west": {"uv": [0, 12.5, 2.75, 12.75], "texture": "#0"},
				"up": {"uv": [9.5, 9.5, 14.5, 10.75], "texture": "#0"},
				"down": {"uv": [3, 0, 13, 16], "texture": "#missing"}
			}
		},
		{
			"from": [3, 6.5, 10.5],
			"to": [13, 7, 16],
			"faces": {
				"north": {"uv": [9.5, 13.25, 14.5, 13.5], "texture": "#0"},
				"east": {"uv": [0, 12.5, 2.75, 12.75], "texture": "#0"},
				"south": {"uv": [9.5, 4.5, 14.5, 4.75], "texture": "#0"},
				"west": {"uv": [5.25, 12.5, 8, 12.75], "texture": "#0"},
				"up": {"uv": [9.5, 13.25, 14.5, 14.5], "texture": "#0"},
				"down": {"uv": [3, 0, 13, 16], "texture": "#missing"}
			}
		},
		{
			"from": [3, 7, 0],
			"to": [13, 7.5, 3],
			"faces": {
				"north": {"uv": [9.5, 4.5, 14.5, 4.25], "texture": "#0"},
				"east": {"uv": [6.5, 12.25, 8, 12.5], "texture": "#0"},
				"south": {"uv": [9.5, 9.25, 14.5, 9.5], "texture": "#0"},
				"west": {"uv": [0, 12.25, 1.5, 12.5], "texture": "#0"},
				"up": {"uv": [9.5, 8.75, 14.5, 9.5], "texture": "#0"},
				"down": {"uv": [3, 0, 13, 16], "texture": "#missing"}
			}
		},
		{
			"from": [3, 7.5, 0],
			"to": [13, 8, 1.5],
			"faces": {
				"north": {"uv": [9.5, 4, 14.5, 4.25], "texture": "#0"},
				"east": {"uv": [7.25, 12, 8, 12.25], "texture": "#0"},
				"south": {"uv": [9.5, 8.5, 14.5, 8.75], "texture": "#0"},
				"west": {"uv": [0.75, 12, 0, 12.25], "texture": "#0"},
				"up": {"uv": [9.5, 8, 14.5, 8.75], "texture": "#0"},
				"down": {"uv": [3, 0, 13, 16], "texture": "#missing"}
			}
		},
		{
			"from": [3, 7.5, 14.5],
			"to": [13, 8, 16],
			"faces": {
				"north": {"uv": [9.5, 15.25, 14.5, 15.5], "texture": "#0"},
				"east": {"uv": [0, 12, 0.75, 12.25], "texture": "#0"},
				"south": {"uv": [9.5, 4, 14.5, 4.25], "texture": "#0"},
				"west": {"uv": [8, 12, 7.25, 12.25], "texture": "#0"},
				"up": {"uv": [9.5, 15.25, 14.5, 16], "texture": "#0"},
				"down": {"uv": [3, 0, 13, 16], "texture": "#missing"}
			}
		},
		{
			"from": [3, 7, 13],
			"to": [13, 7.5, 16],
			"faces": {
				"north": {"uv": [9.5, 14.5, 14.5, 14.75], "texture": "#0"},
				"east": {"uv": [0, 12.25, 1.5, 12.5], "texture": "#0"},
				"south": {"uv": [9.5, 4.25, 14.5, 4.5], "texture": "#0"},
				"west": {"uv": [6.5, 12.25, 8, 12.5], "texture": "#0"},
				"up": {"uv": [9.5, 14.5, 14.5, 15.25], "texture": "#0"},
				"down": {"uv": [3, 0, 13, 16], "texture": "#missing"}
			}
		}
	],
	"display": {
		"thirdperson_righthand": {
			"rotation": [0, 90, 0],
			"translation": [0, 2, 0],
			"scale": [0.5, 0.5, 0.5]
		},
		"thirdperson_lefthand": {
			"rotation": [0, 90, 0],
			"translation": [0, 2, 0],
			"scale": [0.5, 0.5, 0.5]
		},
		"firstperson_righthand": {
			"rotation": [0, 90, 0],
			"translation": [0, 2, -0.25],
			"scale": [0.5, 0.5, 0.5]
		},
		"firstperson_lefthand": {
			"rotation": [0, 90, 0],
			"translation": [0, 0, -0.25],
			"scale": [0.5, 0.5, 0.5]
		},
		"ground": {
			"translation": [0, 4, 0],
			"scale": [0.5, 0.5, 0.5]
		},
		"gui": {
			"rotation": [33.24, 59.06, -1.22],
			"translation": [0, 2.25, 0],
			"scale": [0.8, 0.8, 0.8]
		},
		"head": {
			"scale": [0, 0, 0]
		},
		"fixed": {
			"rotation": [0, 90, 0],
			"translation": [0, 4.5, 0]
		}
	}
}